question,reasoning,doc_id
Which Paradox Interactive expansion adds the Byzantium Empire back into the game?,Uses the 'Paradox Interactive' and 'Byzantium Empire' hooks to identify the specific expansion,684
What is the second expansion pack for Europa Universalis III?,Directly identifies the expansion pack by its sequence number and parent game,684
Which grand strategy expansion focuses on polishing the base game while introducing the Byzantine Empire?,Combines the polishing aspect and the Byzantine Empire addition to create a search-style query,684
How do I play as the deer to avoid hunters in this hunting sim?,Focuses on the unique 'play as the deer' mechanic which distinguishes it from standard hunting games,258
Which hunting game lets you track prey across seven different landscapes and compete online?,Highlights the specific number of landscapes and the online competition feature to help a specialist identify the title,258
What are the features of Deer Hunter 4: World-Class Record Bucks?,Provides a direct query using the game title to satisfy the variety requirement,258
Which driving game allows you to carry multiple passengers at once and perform a 'Crazy Hop' to jump over obstacles?,Uses the 'multiple passengers' and 'Crazy Hop' mechanics as unique hooks for a specialist to identify the game,1806
What taxi simulator sequel features music from The Offspring and Methods of Mayhem?,"Combines the specific soundtrack artists (The Offspring, Methods of Mayhem) with the 'taxi simulator' genre to create a search-like query",1806
What is the name of the Crazy Taxi sequel that introduced the capacity to pick up several people per trip?,Directly asks for the title of the sequel using the game's brand name to satisfy the variety requirement,1806
What Western shooter lets you play as a ruthless bounty hunter chasing legendary outlaws through a gold mine and saloons?,"Uses the 'bounty hunter', 'gold mine', and 'saloons' hooks to identify the game without using the title",1976
Which Call of Juarez title focuses on the protagonist blurring the lines between man and myth while recounting tales of the Old West?,Directly references the series title 'Call of Juarez' to provide a variety of query types,1976
What game features a narrative structure where a bounty hunter reveals the untold truth behind notorious legends of the Wild West?,Focuses on the specific narrative style of 'untold truth' and 'notorious legends' as a unique identifier,1976
What tactical shooter let players choose from three Ghost classes and use military tech to share intel with their team?,Mentions unique class-based Ghost roles and intel-sharing mechanics to identify the game,1304
Which Ubisoft game was originally called Ghost Recon Online before being re-released in 2014 as Phantoms?,Focuses on the specific name change from 'Online' to 'Phantoms' and the 2014 release date,1304
How does the class-based system and customization work in Tom Clancy's Ghost Recon Phantoms?,Directly asks about the core gameplay mechanics and customization features of the specific title,1304
Which JRPG finale concludes the story of Shion and her fight against Vector Industries and the Gnosis?,"Combines the unique character name 'Shion', the antagonist organization 'Vector Industries', and 'Gnosis' to identify the title.",1229
What RPG features a deep character specialization system and an in-game encyclopedia called the Xeno Bible?,Focuses on the specific 'Xeno Bible' database and the character diversification mechanics unique to this game.,1229
"In Xenosaga Episode III, how has Shion's employment status changed since the previous game?",Directly asks about the plot progression of the protagonist in this specific game installment.,1229
Which Dragon Quest title involves a city guardian collecting wish-granting fruits from a sacred tree?,Includes the title series but combines it with the specific plot hook of the city guardian and sacred fruits.,1820
What RPG features a protagonist who is a city guardian on a quest to retrieve sacred fruits?,Uses the 'city guardian' and 'wish-granting fruits' hooks to identify the game without mentioning the title.,1820
In which game do you play as a city guardian traveling the world to gather fruits that can grant wishes?,Focuses on the specific role of the protagonist (city guardian) and the goal of retrieving wish-granting fruits as distinguishing characteristics.,1820
What Microsoft racing game allows customization of both riders and bikes across 40 tracks?,Uses 'Microsoft racing game' and 'customization of both riders and bikes' as specific hooks to identify the title,795
Which early 2000s motocross title featured multiplayer via the MSN Gaming Network?,Targets the unique historical detail of MSN Gaming Network support for a bike racing game,795
How many 3D objects and event types are included in Motocross Madness 2?,Directly asks about the specific quantitative data provided in the summary (objects and event types) and uses the game's title,795
Which Ridge Racer title blends traditional arcade racing with environmental destruction?,Directly mentions the game title and the unique 'destruction' hook to identify the specific entry in the series.,541
What racing game focuses on crashing into surroundings to reshape the track during a race?,Uses the unique mechanic of destroying the environment to distinguish this game from other racing titles.,541
Which arcade-style racer features a destructive gameplay loop that deviates from the series' usual focus?,"Focuses on the 'new direction' mentioned in the summary, highlighting the shift toward destructive arcade racing.",541
Which cancelled RTS by Victory Games was planned for the Frostbite 3 engine?,"Mentioning Victory Games, cancelled RTS, and the Frostbite 3 engine provides specific hooks for a specialist to identify the game.",1901
What free-to-play strategy game was renamed from Generals 2 before being scrapped by EA?,"Focuses on the transition from 'Generals 2' to a free-to-play model and the subsequent cancellation, which are key details in the game's development history.",1901
What happened to the Victory Games studio after EA's response to negative feedback on a C&C sequel's economy?,Connects the studio closure and the reason for cancellation (economy-based experience) to the specific C&C title.,1901
Which game features a star blitzball athlete who accompanies a summoner on a pilgrimage to stop the entity known as Sin in Spira?,"Focuses on the unique 'blitzball', 'summoner', and 'Sin' keywords to identify the game without using the title",418
What was the first entry in the FF series to introduce fully 3D environments and voice acting?,Targets the technical milestones of 3D areas and voice acting specific to this FF title,418
In which title does Tidus and Yuna strive to break a cycle of destruction in the world of Spira?,Combines the character names 'Tidus' and 'Yuna' with the 'Spira' setting to provide a specialist's hook,418
How does the purple dragon use fury attacks and aerial combos to fight Cynder?,"Focuses on the unique combination of 'fury attacks', 'aerial combos', and 'Cynder' to identify the game",1582
Which game explores the origins of a purple dragon fighting the Dark Master's creation?,Uses the 'purple dragon' and 'Dark Master's creation' hooks to specifically target this title's plot,1582
What are the combat mechanics and breath upgrades in The Legend of Spyro: A New Beginning?,Directly asks about the game's specific combat mechanics while using the title for variety,1582
Which episodic interactive drama features a convicted criminal named Lee Everett trying to protect an orphaned girl named Clementine during a zombie apocalypse?,Uses the specific character names 'Lee Everett' and 'Clementine' and the 'episodic interactive drama' genre to uniquely identify the game.,1871
What Telltale Games title is based on Robert Kirkman's comic book series and focuses on original characters in a world overrun by the undead?,"References the developer 'Telltale Games', the source material 'Robert Kirkman's comic book series', and the the narrative structure to target the search intent.",1871
In which game does a former criminal seek redemption by safeguarding a young girl during the outbreak of a zombie plague?,Focuses on the unique plot hook of a convicted criminal seeking redemption through the protection of a young girl in a zombie setting.,1871
Who is the bounty hunter that fights the leader of the Space Pirates on planet Zebes?,"Uses the unique 'bounty hunter', 'Space Pirates', and 'planet Zebes' hooks to identify the game.",1107
Which GBA title lets you unlock the original game and a picture gallery for another title via a link cable?,"Targets the specific 'GBA', 'link cable', 'picture gallery', and 'unlockable original game' mechanics unique to this release.",1107
What happens in Metroid: Zero Mission regarding Samus Aran's first mission?,Directly references the title to query about the specific narrative purpose of the game.,1107
"Which WWII shooter lets you play as Lt. William Holt and travel between France, North Africa, the Soviet Union, and Belgium?",Uses the protagonist's name 'Lt. William Holt' and the specific list of four campaign regions to identify the game.,1311
"In what game do you earn gold, silver, or bronze medallions based on completing primary and secondary objectives along with killing a specific German officer?",Focuses on the unique mission completion system involving medallions and the 'Nemesis' officer battle mechanic.,1311
What Medal of Honor title features the OSS agent fighting against Graf Von Schrader's henchmen across multiple European fronts?,Directly mentions the game series and the specific antagonist 'Graf Von Schrader' to provide a high-specificity hook.,1311
What 1999 3D fighting game was the last official Capcom title released for the Sega Saturn?,Targets the unique historical fact that it was the last Capcom game for the Sega Saturn,1659
Which arcade fighting game produced by Capcom Production Studio 8 ran on Sega ST-V hardware?,Uses the specific hardware (Sega ST-V) and the development studio (Capcom Production Studio 8) as distinguishing hooks,1659
What is the only Final Fight sequel that was released for thearcades?,Focuses on the specific status of being the only arcade-released sequel in the series,1659
How do you become a paladin in the adventure RPG set in the town of Shapeir?,Mentions the specific 'paladin' class requirement (moral code) and the unique location 'Shapeir' to target a specialist's knowledge.,1894
Which game features a hybrid of text-based adventure and RPG elements in a Middle Eastern desert setting?,Focuses on the unique hybrid genre blend and the Middle Eastern setting described in the context.,1894
What are the combat options in Quest for Glory II: Trial by Fire?,Asks about the combat mechanics specifically mentioning the title for variety.,1894
Who is the driver in a racing game featuring 16 tracks from the 1996 FIA Formula One Grand Prix Championship?,Includes specific hooks like '16 tracks' and '1996 FIA Formula One Grand Prix Championship' for specialists to identify the game,691
"What racing sim lets you act as the Driver, Chief Engineer, and Pit Crew Leader simultaneously?","Highlights the unique role-playing aspect of being the Driver, Chief Engineer, and Pit Crew Leader",691
How many drivers are featured in F1 Racing Simulation?,"Directly asks about the number of drivers in the game, using the title to target the specific title",691
What action spin-off lets you fight hordes of enemies using bloody special attacks granted by Greek gods?,Uses the 'bloody special attacks' and 'Greek gods' hooks to identify the specific action gameplay and theme.,439
Which Total Warrior game involves escorting sappers and killing enemy generals to progress through missions?,Specifically references the 'Total Warrior' series and the mission objectives like 'escorting sappers' to pin down the title.,439
Which game features a character upgrade system using tokens to improve health and power while fighting with spears and shields?,Targets the specific 'token' upgrade system and the variety of ancient weaponry mentioned in the text.,439
Which Nintendo crossover fighting game uses a percentage-based damage system instead of traditional health bars?,Uses the 'Nintendo crossover' and 'percentage-based damage' hooks to uniquely identify the game,1626
What early fighting game features a battle where the goal is to knock opponents off the stage using items and power-ups?,Focuses on the 'knock off the stage' and 'items/power-ups' mechanics as distinguishing characteristics,1626
How does the combat mechanic in Super Smash Bros. differ from standard fighting games?,Directly asks about the game's specific mechanical departure from the general fighting game genre,1626
"What beat 'em up game has characters like Axel, Blaze, and a skateboarder named Skate?","Mentions specific characters (Axel, Blaze, Skate) and Skate's unique characteristic (skateboarder) to identify the game.",1653
Which game features a plot where Mr. X and the Syndicate return to kidnap Adam Hunter to lure his friends into a trap?,"Focuses on the unique plot point of Mr. X, the Syndicate, and the kidnapping of Adam Hunter, which is a unique identifier for this specific sequel.",1653
In what Streets of Rage title does the story involve the protagonists returning to the city to fight through gangs and bomb-wielding bikers to rescue a missing police officer?,"Uses the title series name but specifies the sequence/story elements (bomb-wielding bikers, rescuing Adam) to target this specific entry in the franchise.",1653
What fighting game brings together heroes and villains from the first ten Final Fantasy titles to battle for the world's fate?,Uses the specific 'first ten Final Fantasy titles' and 'heroes and villains' hooks to identify the title.,391
Which arena fighter features a conflict orchestrated by the god of discord and the goddess of harmony?,Focuses on the unique narrative setup involving the god of discord and the goddess of harmony.,391
What game combines 3D arena combat with RPG elements and a roster of 20 characters from a classic JRPG series?,Highlights the hybrid genre (3D arena fighter + RPG) and the specific character count of 20.,391
What DS game involves a boy named Neku who must solve riddles in Shibuya to avoid being erased?,Combines the character name 'Neku' and the 'erasure' threat in the Shibuya setting to uniquely identify the game.,1343
"Which Nintendo DS title features combat that utilizes both screens, the microphone, and the touchscreen for attacks?","Focuses on the specific, unique dual-screen and microphone combat mechanics of the DS hardware as described in the context.",1343
"In which game is the plot centered around Japanese youth culture, fashion, and food in a stylized version of Tokyo?",Targets the thematic elements of Japanese youth culture and the specific Tokyo setting to distinguish the title.,1343
Which WWII shooter for the PSP was developed by Team Fusion?,"Mentions the specific developer (Team Fusion), the platform (PSP), and the setting (WWII) to allow a specialist to identify the game.",1312
What is the ninth game in the Medal of Honor series?,"Directly asks for the ninth installment of a specific series, which is a distinguishing characteristic.",1312
Which PlayStation Portable first-person shooter is focused on World War II and created by Team Fusion?,"Combines the platform, genre, and developer to create a natural search query for this specific title.",1312
Which early racing game lets you drive exotic cars in illegal street races while evading police chases?,"Uses the 'exotic cars', 'illegal street races', and 'evading police' hooks to identify the game",92
What title from the Need for Speed series features hot pursuits and exotic car street racing?,Directly references the series title and the 'hot pursuit' theme,92
Which 1998 racing title focuses on the high-speed pursuit of exotic vehicles by law enforcement on various tracks?,Includes the release year (implied by the date) and the specific 'high-speed pursuit of exotic vehicles' mechanic,92
Who are the protagonists in the Gabriel Knight mystery set in Munich involving werewolf murders?,Mentions the specific characters Gabriel and Grace and the plot involving werewolves in Munich to identify the game,1251
Which adventure game tasks you with playing as both Gabriel and Grace to investigate mutilation killings in Germany?,Highlights the dual-protagonist mechanic and the specific crime setting to provide unique hooks,1251
What classic mystery game involves searching for a beast within in the city of Munich?,Uses the game's title theme and the specific city of Munich as distinguishing characteristics,1251
What action RPG features a story about Asbel Lhant and an amnesiac girl he thought he saw die seven years prior?,Mentions the specific character Asbel Lhant and the unique plot point of the amnesiac girl's return,1211
In which game does the protagonist travel through the world of Ephinea?,Uses the unique world name 'Ephinea' as a distinguishing characteristic for a specialist to identify the game,1211
What is the plot of Tales of Graces regarding the reunion of a childhood friend with memory loss?,Uses the game title directly while asking about the specific plot details provided in the summary,1211
What rally racing game features four distinct modes including Hill Climb and Ice Racing?,"Targets the specific variety of four modes, specifically highlighting Hill Climb and Ice Racing as distinguishing hooks.",841
Which driving title includes a unique AI engine where competitors have individual personalities and driving habits?,Focuses on the unique AI engine and personality-driven driver behavior as a specialized identifier.,841
What is the RalliSport Challenge experience like in terms of of real-world tracks and weather effects?,Directly mentions the game title and queries about its realism and environmental features.,841
Which Castlevania title allows up to six players to collaborate over Xbox Live using a comprehensive map system?,Includes the series name and the specific 'six players' and 'Xbox Live map system' hooks to identify the title.,1147
What is the 2010 Xbox Live crossover platform-adventure game that had a playable demo at Konami's E3 booth?,"Uses the '2010 Xbox Live', 'Konami E3 booth', and 'platform-adventure' characteristics to target the game.",1147
Which co-op adventure game features a full-view quest map and was first revealed via an OFLCA rating leak?,Focuses on the 'full-view quest map' and the 'OFLCA rating leak' as unique identifiers for a specialist.,1147
Which Nintendo 64 game involves collecting Golden Bananas to save the Kong family from K. Rool?,Combines the game title with the key plot goal (Golden Bananas) and the primary antagonist (K. Rool) to create a search query.,1096
What platformer features characters like Lanky Kong using a trombone and Tiny Kong using a ponytail twirl to navigate?,"Focuses on specific, unique character abilities (trombone and ponytail twirl) that are distinguishing characteristics for a specialist.",1096
What game allows players to switch between Kongs to use specific tools like the Pineapple Launcher and Jetbarrel?,Highlights the unique character-switching mechanic and specific tool names (Pineapple Launcher and Jetbarrel) to identify the game.,1096
What handheld crossover game features Spyro and Crash Bandicoot fighting against a duo of Ripto and Dr. Cortex?,Mentions the specific crossover nature and the antagonistic pairing of Ripto and Dr. Cortex to uniquely identify the game.,1590
Which Vicarious Visions developed title replaces the traditional isometric view with side-scrolling and various mini-games like a tank driver or vertical shooter?,"Uses the developer (Vicarious Visions), the shift to side-scrolling, and specific unique mini-game examples to target the title.",1590
In which dragon-led adventure does the protagonist travel between realms to stop a conspiracy involving the Cortex character?,Focuses on the plot element of realm travel and the 'Cortex conspiracy' hook without explicitly naming the full title.,1590
How many missions are in the single-player campaign of Shattered Steel?,Directly asks about the specific mission count mentioned in the document.,220
Which mech pilot game involves defending your species from alien invaders using a Planet Runner?,Uses the unique 'Planet Runner' terminology and the core plot of fighting alien invaders to identify the game.,220
What game features a Planet Runner mech with over 25 weapons like fuel-air mortars and plasma cannons?,"Focuses on the specific weapon list (fuel-air mortars, plasma cannons) and the 'Planet Runner' mech type as distinguishing hooks.",220
What RTS has resources generated automatically based on population rather than manually gathering them?,Targets the unique resource generation mechanic described in the text to identify the game without using the title.,290
Which strategy game lets you play through Rome's defining moments from the Battle of Zama to Cleopatra's rebellion?,Uses specific historical milestones like the Battle of Zama and Cleopatra's rebellion as hooks for a specialist.,290
What is the title of the sequel to Celtic Kings: The Punic Wars that focuses on terrain and troop mobility?,References the specific predecessor titles to create a direct link to the game being described.,290
Which action game features a purple-haired Reploid named Lumine who leads an army of DNA-copying robots?,Identifies the game through the unique characters Lumine and the specific mechanic of DNA copy data,1748
What game involves humans migrating to the moon via an orbital elevator in the Galapagos Islands?,Focuses on the unique setting of the Galapagos Islands orbital elevator and the lunar migration plot,1748
How does the storyline of Mega Man X8 involve the Jakob Project?,Directly uses the title to query about the specific plot point of the Jakob Project,1748
Which PSP platformer involves a plot where the protagonists meet a girl named Luna who turns out to be a robotic puppet ship?,Uses the specific character 'Luna' and the plot twist regarding her being a robotic puppet ship to identify the game.,1791
What game features a race of Technomites who want to use a protagonist's DNA to create an army of clones?,"Focuses on the unique 'Technomite' race and the cloning plot, which are specific to this title's story.",1791
In which Ratchet & Clank title do the characters enter a computer virus-infected Clank using a shrink ray?,"Targets the specific 'shrink ray' mechanic used to enter Clank's internal systems, a distinguishing gameplay/story event.",1791
What military simulator is set in the fictional post-Soviet nation of Chernarus during 2009?,Uses the unique location 'Chernarus' and the specific 'post-Soviet' setting to identify the game without using the title.,572
Which game features a US Marine Corps Force Recon squad operating in a region to maintain stability and protect civilians?,"Focuses on the specific role of 'US Marine Corps Force Recon' and the mission goal, which are distinct hooks for this title.",572
What is Arma 2's setting and primary objective for the player?,A direct query using the game title to cover the basic setting and plot as per the variety guidelines.,572
Which expansion for a strategy game set in Ashan involves a plot where a succubus named Biara impersonates a Queen Isabel?,"Uses the specific 'Ashan' setting, 'Biara', and the 'Queen Isabel impersonation' plot twist to uniquely identify the expansion.",371
"In which game do characters like Freyda, Wulfstan, and Ylaya team up to recapture the Dwarven city of Tor-Hrall?","Combines the unique character names (Freyda, Wulfstan, Ylaya) and the specific location 'Tor-Hrall' to create a strong hook for a specialist.",371
What title features a story where the Daughter of Malassa tasks a Keeper of the Law named Ylaya to investigate the Soulscar clan?,"Targets the specific lore elements 'Daughter of Malassa', 'Keeper of the Law', 'Law', and 'Soulscar clan' which are distinct to this game's narrative.",371
Which game features a young girl named Orta who rides a mysterious dragon to fight against bio-engineered weapons called dragonmares?,Uses the specific character name 'Orta' and the unique term 'dragonmares' as hooks to identify the game,1672
What rail shooter has a dragon that can shift between three different forms to change its attack styles?,Focuses on the specific dragon transformation mechanic which is a unique gameplay feature of this title,1672
"In which title does a character named Abadd, a renegade imperial drone, attempt to use a human girl's DNA to replicate himself infinitely?","Targets the deep plot points involving the network called Sestren and the drone Abadd, providing enough specific hooks for a specialist",1672
Which Oddworld game features a character named Munch who can use sonar to immobilize creatures?,Uses the game's title series name 'Oddworld' and the specific character 'Munch' and his unique sonar ability to identify the game.,1001
"What game involves two protagonists, Abe and Munch, working together to stop Vykkers Labs from exploiting Gabbits?","Focuses on the plot, mentioning the specific antagonist 'Vykkers Labs' and the 'Gabbits' species, which are unique hooks for this specific game.",1001
In which title can the player switch between a Mudokon who can possess enemies and a Gabbit who can swim and use sonar?,Highlights the specific gameplay mechanics of switching between two characters with distinct abilities (possession for the Mudokon and sonar/swimming for swimming for the Gabbit) to avoid using the title.,1001
Who are the playable characters fighting the Mad Gear Gang in Metro City?,Focuses on the primary antagonists (Mad Gear Gang) and the setting (Metro City) to identify the game,1658
What game features Mayor Mike Haggar and Cody working together to rescue Jessica?,Uses the specific plot point of rescuing Jessica and the unique cast of Haggar and Cody,1658
In which beat-em-up do you search for food to heal and weapons to defeat enemies while cleaning up Metro City?,Highlights the specific gameplay mechanics of health recovery via food and weapon collection within the city setting,1658
Which Infocom interactive fiction game involves a wizard who becomes the leader of the Circle of Enchanters just before magic begins to fail?,"Uses the 'Infocom', 'interactive fiction', and 'Circle of Enchanters' hooks to uniquely identify the title",1949
What classic text adventure has a plot where the Guildmasters are transformed into toads and newts during a conclave?,"Focuses on the specific plot twist of transforming guild leaders into toads and newts, a distinctive event in the game's story",1949
"In Spellbreaker, why is the player character's status as an inexperienced young Enchanter initially helpful against the warlock Krill?","Directly uses the game's title to ask about the specific backstory involving Krill, targeting the lore details provided in the context",1949
"Which classic turn-based fantasy strategy game involves Humans disrupting the peace between Elves, Dwarves, and Orcs?","Mentions the specific racial conflict (Humans vs Elves, Dwarves, Orcs) as a distinguishing hook",589
What is the title of the strategy adventure where players build a fantasy empire and search for ancient artifacts and magical power?,"Combines the general genre (strategy adventure) with core objectives (empire building, artifact hunting) to identify the game",589
In which old-school fantasy strategy title do you ally with forces of light or darkness to decide the world's fate after a chaotic arrival of humans?,Focuses on the unique narrative setup of the world's fate being determined by light/dark forces following the human invasion,589
Which 90s PC platformer involves a rabbit chasing Devan Shell through time to recover a wedding ring?,Uses the unique plot hook of chasing Devan Shell through time for a wedding ring to identify the game.,764
What Epic MegaGames title features playable characters named Spaz and Lori?,References the specific playable characters Spaz and Lori and the original developer Epic MegaGames to narrow it down.,764
How does the plot of Jazz Jackrabbit 2 drive the quest to find Eva's ring?,Directly asks about the narrative motivation in Jazz Jackrabbit 2 to cover the story aspect.,764
Which Nintendo DS Fire Emblem game was never released outside of Japan?,Targets the specific fact that this is the only Fire Emblem DS title not released overseas,1445
What strategy game features a 'War of Heroes' conflict where Marth is joined by a forgotten Altean knight known as the Hero of Shadow?,Uses specific plot hooks like 'War of Heroes' and the 'Hero of Shadow' to identify the game without using the title,1445
In which DS remake does the Satellaview exclusive chapters of Archanea Senki Hen get updated with mission-based gameplay?,Focuses on the unique addition of the remade Satellaview exclusive content and the specific engine change,1445
Which MMO features a plot where a Garlean Empire commander tries to drop the moon onto the land of Eorzea?,"Includes the specific 'Garlean Empire' and 'moon drop' plot point, which is unique to this game's premise.",386
What Final Fantasy game lets you ride chocobos and use airships in a massive online world?,Mentions the title series and the core MMO nature with series-specific elements like chocobos and airships.,386
Which RPG has a story about heroes preserved in a temporal rift to survive Bahamut's destruction?,Uses the 'temporal rift' and 'Bahamut' hooks to specifically identify the game's unique story start.,386
Which GameCube game has a protagonist who sucks up coins like a vacuum cleaner?,Mentions the unique coin-vacuuming mechanic and the GameCube era (implied by the context of Wario titles) to help a specialist identify the game.,1700
What title involves a black jewel turning a treasure hoard into monsters in an alternate dimension?,Focuses on the specific plot catalyst—the black jewel and the treasure hoard—which is a distinct narrative hook.,1700
"In Wario World, what are the primary ways the character interacts with the surroundings to find secrets?",Directly addresses the game's exploration and secret-finding mechanics while using the title for variety as per guidelines.,1700
What god simulation game features a anthropomorphic creature like a giant ape or lion that acts as the player's avatar?,Focuses on the unique 'anthropomorphic creature' and 'god simulation' mechanic which is a hallmark of the game.,1921
Which strategy title lets you lead Greek refugees fleeing an Aztec army to conquer Norse and Japanese lands?,Uses specific plot points like 'Greek refugees' and 'Aztec army' to identify thet game without naming it.,1921
How do you manage your believers' morality in Black & White 2?,Directly asks about the game's core morality system and explicitly uses the title for variety as per guidelines.,1921
What hacking simulator features a former intelligence agent trying to stop a global collapse of banks and satellites?,Combines the specific 'former intelligence agent' background with the high-stakes 'global collapse of banks and satellites' plot hooks.,1023
Which puzzle game involves examining code and data bits to stop a worldwide crash of fiber optic links?,Focuses on the 'examining code' mechanic and the specific scenario of 'fiber optic links' crashing to differentiate the game.,1023
How do you play Hacker Evolution's mission to uncover the cause of a global stock market crash?,Uses the game title directly and asks about the specific scenario mentioned in the story description.,1023
Which Sega Saturn exclusive rail shooter features a protagonist named Jean-Luc Lundi and a winged mutant coolia named Lagi?,"Combines the platform (Sega Saturn), genre (rail shooter), and specific character names (Jean-Luc Lundi, Lagi) to identify the game.",1669
What game involves chasing a ship called Shelcoof to stop the Heresy Program?,Uses highly specific plot points like the ship 'Shelcoof' and the 'Heresy Program' which are unique to this game's narrative.,1669
What is the story of Panzer Dragoon II Zwei regarding the mutant coolia?,Directly asks about the game's plot using the title to provide a variety of question types.,1669
"Which billiards game features the professional player Jeanette Lee, also known as the Black Widow?",Connects the unique celebrity endorsement of Jeanette Lee and her nickname 'Black Widow' to identify the game.,938
What pool simulation lets you climb a six-stage career ladder from local player to pro?,Focuses on the specific 'six-stage career ladder' mechanic which is a distinguishing characteristic of the game's progression system.,938
"In Virtual Pool 3, what are the tournament sizes available for multiplayer play?","Asks about a specific detail regarding tournament capacity, ensuring the user is looking for the information contained in the document.",938
Which early CD-ROM Star Wars title features a pilot from Tatooine engaging in missions to take down a Star Destroyer?,"Combines the early CD-ROM era, the pilot's origin from Tatooine, and specific mission targets to identify the game.",161
What movie-based game used full original motion video for the first time to tell a story about a regular rebel pilot?,Highlights the pioneering use of full original motion video (FMV) and the protagonist's role as a regular pilot.,161
What is the name of the Star Wars game where players participate in raids on Imperial bases and the destruction of the Death Star using FMV sequences?,"Uses the specific game title and key story objectives (Imperial base raids, Death Star destruction) to target the document.",161
Who was the cover athlete for the 2001 EA Sports hockey game featuring Mario Lemieux's return?,Mentioning the specific athlete (Mario Lemieux) and his comeback context provides a strong hook for a specialist to identify the game,815
Which hockey title was the first in its series to be available on the Xbox console?,"Focuses on the first Xbox release of the NHL series, a distinct historical milestone for the franchise",815
What EA Sports game released in 2001 marks the predecessor to the 2003 edition?,Uses the date and series sequence to identify the specific title,815
What 6-degrees-of-freedom shooter takes place in underground bases and on planetary surfaces?,Uses the '6-degrees-of-freedom' (implied by 'degree of freedom' and 'careen through canyons') and 'subterranean strongholds' hooks to identify the game.,667
Which space combat game features the all-new Fusion engine and battles against assault-bots?,Targets the 'Fusion engine' and 'assault-bots' as specific identifiers that a specialist would know.,667
What are the gameplay mechanics of Descent 3?,A direct query about the game title to satisfy the variety and search intent guidelines.,667
"Which strategy game lets you lead armies from 1080 to 1530, covering events like the Crusades and the discovery of the Americas?",Identifies the game through its specific chronological range (1080-1530) and historical milestones mentioned in the context.,440
"What game features massive real-time battles with up to 10,000 detailed soldiers across Europe and the Middle East during the Middle Ages?","Uses the unique '10,000 troops' scale and the specific regional focus as hooks for a specialist.",440
Which Total War title focuses on the age of chivalry and the introduction of gunpowder across North Africa and Europe?,Combines the series name with key thematic elements like the age of chivalry and gunpowder to pinpoint the specific entry.,440
Which shooter features a story where the player must choose between two characters to sacrifice in order to destroy an enemy warship?,Targets the unique narrative climax where the player makes a a choice between Hannah and Irish to save the Valkyrie,1979
What game's campaign involves a squad called Tombstone and a plot centered around a military coup by Admiral Chang?,Uses the specific squad name 'Tombstone' and the antagonist 'Admiral Chang' as key identifiers,1979
"In which game does a squad of Marines survive a crash in Baku, Azerbaijan, and later fight through the Kunlun Mountains?",Combines specific geographic locations (Baku and Kunlun Mountains) mentioned in the context to provide unique hooks,1979
Which Mega Man Battle Network game lets you team up with characters from previous entries to stop a global internet takeover?,Combines the 'global internet takeover' plot and 'previous entries' hook to identify the specific game,1762
What GBA game features a fighting mode and a team-up system with cyberheroes to protect the global network?,Uses the unique 'cyberheroes' and 'fighting mode' mechanics to describe the game without using the title,1762
In which title from the Mega Man Battle series do you fight alongside Team Colonel to prevent an evil organization from controlling the web?,References the specific 'Team Colonel' subgroup and the 'evil organization' plot point to target the specific edition of the game,1762
What simulation game lets you pilot the Los Angeles Class Hunter Killer submarine for the US Navy?,Mentions the 'Los Angeles Class Hunter Killer' and 'US Navy' to uniquely identify the game,950
Which WWII flight sim lets you operate attack submarines in historical and fictional theaters?,Focuses on the 'attack submarines' and 'historical and fictional theaters' to provide a specialist's hook,950
What is the name of the game in Jane's Combat Simulations: WWII Fighters?,Directly asks for the title based on the name provided in the context,950
Which WWII flight simulator lets you fly prototype aircraft that were barely used in actual combat?,Targets the 'prototype/what if' hook which is a distinguishing characteristic of this specific sim,204
What LucasArts game involves the US 8th Air Force campaign and features the Do335 interceptor with its unique push-pull propeller configuration?,Uses the 'Do335' and 'push-pull propeller' as highly specific hooks for a specialist,204
"In Secret Weapons of the Luftwaffe, what are the available factions you can pilot planes for?",Covers the basic gameplay aspect of available factions using the game's title,204
Which soccer game from 2003 features a Master League divided into four zones with separate divisions and cups?,Focuses on the specific 'four zones' Master League structure to distinguish this entry from others in the series.,936
In which Winning Eleven title can you use a shop system to unlock classic teams and practice dribbling through cones?,Combines the title's series name with specific unlockables (classic teams) and a unique training drill (cones) described in the text.,936
Which football simulation introduced an advantage rule and an expanded edit mode for customizing fictional team names and logos?,Highlights the gameplay mechanics (advantage rule) and the characteristic fictional naming convention common to early PES/Winning Eleven games.,936
"Which military shooter puts you in the role of a U.S. Marine with missions set in Tehran, Paris, and New York?","Includes the specific combination of city locations (Tehran, Paris, New York) and the role of U.S. Marines to uniquely identify the title.",343
What is the name of the Battlefield game where players experience intense urban combat across global locations as elite Marines?,Uses the game's series name and the specific protagonist role (elite Marines) to ensure a direct match.,343
Which FPS features highly interactive environments where walls crumble and explosions force players to the ground during global missions?,Focuses on the specific environmental destruction mechanics (crumbling walls) and the 'global missions' setting described in the summary.,343
Who is the bounty hunter that captures Richard B. Riddick in the game set in the high-security prison on a barren planet?,Mentions the specific bounty hunter and the protagonist's name to provide unique identifiers for the game.,250
Which sci-fi prequel game features an inmate named Pope Joe who resides in the sewers beneath a maximum-security facility?,Focuses on the unique character Pope Joe and the specific prison setting to allow a specialist to identify the title without naming it.,250
What are the gameplay goals and setting of The Chronicles of Riddick: Escape from Butcher Bay?,Directly addresses the game's title and setting to cover the variety of story and location details.,250
What EA Sports motorcycle racing game from the year 2000 features 13 real-world circuits from the 1999 season?,"Includes specific details like 'EA Sports', 'year 2000', and '13 circuits from 1999 season' as hooks for identification.",886
Which PlayStation racing title lets you ride 150 horsepower bikes from brands like Ducati and Yamaha across 3D tracks?,"Focuses on the bike brands (Ducati, Yamaha) and the 150 horsepower detail to distinguish it from other racing games.",886
What is the sequel to the 1999 Superbike World Championship game that includes a two-player split-screen mode?,Uses the title of the predecessor game and the specific platform feature (split-screen) to help a specialist identify the title.,886
Which isometric platformer features a playable Globox in a story about cloning Reflux?,"Includes specific hooks like 'isometric platformer', 'playable Globox', and 'cloning Reflux' to identify the game.",1967
What game involves rescuing Globox from the Hoodlums after the defeat of Andre?,Focuses on the plot twist of kidnapping Globox and the specific antagonist Andre to differentiate the title.,1967
"In Rayman: Hoodlums' Revenge, what is the primary goal of the Hoodlums?",Directly asks about the game's objective using the title for the variety requirement.,1967
Which Wii U title lets you play a series of weird mini-games exclusively using the GamePad?,Uses the 'Wii U GamePad' and 'weird mini-games' hooks to identify the specific hardware-centric gameplay of this title.,1710
What game features Wario starting a game development company in Diamond City?,Includes the setting 'Diamond City' and the plot point of Wario starting a game design business.,1710
"What is the name of the collection of unusual games made by WarioWare, Inc. for the Wii U?","Mentions the company 'WarioWare, Inc.' and the platform to clearly pinpoint the specific collection.",1710
Which Capcom beat-em-up features a mayor who was a pro wrestler and characters named Cody and Guy?,Combines the specific character names (Cody and Guy) with the Haggar's profession (pro wrestler) and the developer (Capcom) to uniquely identify the game,1655
What side-scrolling brawler has a combat system where special attacks drain the player's health to hit surrounding enemies?,"Focuses on the unique health-draining special attack mechanic, a hallmark of the side-scrolling beat-em-up genre of that era",1655
"In which fighting game set in Metro City do you fight the Mad Gear gang to save the mayor's daughter, Jessica?",Uses the setting (Metro City) and the antagonist group (Mad Gear gang) as specific hooks to identify the plot,1655
What open-world game set in Chicago lets you control the city's ctOS to manipulate traffic lights and security cameras?,Connects the specific setting (Chicago) and the unique game mechanic (ctOS) to identify the title.,1121
Which title features a protagonist named Aiden Pearce who uses hacking as a weapon to seek justice for a family tragedy?,Uses the character name (Aiden Pearce) and the plot motivation (family tragedy) as hooks for specialists.,1121
How does the Central Operating System work in Watch Dogs?,Directly targets the game's core system and its relationship to the city's infrastructure.,1121
Which 1987 Infocom title shifted from pure text adventures to include RPG combat and a visual map?,"Focuses on the publisher, release year, and the specific shift in mechanics (RPG combat/visual map) to identify the game.",1951
What interactive fiction game involves recovering a powerful artifact called the Coconut of Quendor from an Ur-grue?,Uses the unique 'Coconut of Quendor' and 'Ur-grue' identifiers to create a search query a fan would use.,1951
In which game do godlike creatures known as the Implementors assign the player a mission to stop a foul beast in the Southlands of Quendor?,Highlights the unique lore elements like the 'Implementors' and the 'Southlands of Quendor' to distinguish the game from other Zork titles.,1951
What Star Wars game involves Jabba the Hutt organizing an illegal vehicular combat tournament after podracing was banned?,Combines the specific plot point of Jabba's reaction to the podracing ban with the game's genre to identify the title.,143
Which vehicular combat title uses the Vigilante 8 engine and is set on Tatooine?,Uses technical 'hooks' like the game engine (Vigilante 8) and the specific setting (Tatooine) to target a specialist's knowledge.,143
In which game does the Empire's ban on podraces lead to the creation of a more lethal underground betting contest on the Outer Rim?,"Focuses on the narrative setup of the Empire outlawing podracing as a catalyst for the game's combat contests, avoiding the title while providing unique plot hooks.",143
Who are the warriors fighting for the legendary Soul Swords in 17th century Europe?,Focuses on the unique setting (17th century Europe) and the goal (Soul Swords) to identify the game,1013
Which fighting game released in 2012 takes place 17 years after the previous entry in its series?,Uses the specific timeline jump (17 years after SCIV) and release window to create a search query,1013
What weapons-based fighter features a conflict centered around the legendary Soul Swords?,Combines the core gameplay mechanic (weapons-based fighter) and the central plot element (Soul Swords) as hooks,1013
Which Castlevania game features a protagonist named Nathan Graves who uses a 'Hunter Whip'?,Uses the game title and the specific character Nathan Graves to identify the title,1132
What handheld title uses a 'Dual Set-up System' with cards to grant magical abilities to the weapon?,"Targets the unique 'Dual Set-up System' and card-based magic mechanic, which is a distinct feature of this entry",1132
"In which game does a vampire hunter's successor struggle with a hunter's son, Hugh, who is manipulated by Dracula?",Focuses on the specific plot conflict between Nathan and Hugh and the specific character names to provide 'hooks' for a specialist,1132
"Which RTS game has players progress through the Dark, Feudal, Castle, and Imperial Ages?",Uses the specific four-age progression system as a unique hook to identify the game,327
What strategy game features 13 different civilizations and covers a 1000-year timeframe of the Middle Ages?,Combines the specific number of civilizations and the historical timeframe to target the game,327
"In Age of Empires II: The Age of Kings, how do players advance to a new age to unlock new units and buildings?",Directly asks about the mechanics of age advancement within the specific game title,327
"Which beach volleyball sequel features a two-week vacation mode with morning, afternoon, and evening time slots?",Focuses on the unique two-week vacation structure and the specific time-of-day segments to identify the game.,1393
What sports spin-off allows players to engage in 'butt battles' and pool-hopping to build friendships with girls?,Uses highly specific hooks like 'butt battles' and 'pool-hopping' which are distinct to this title's social mechanics.,1393
"In Dead or Alive Xtreme 2, how does the player increase their bond with the other characters?",Asks a direct question about the game's social systems using the title to provide a clear path to the search intent.,1393
What tactical shooter from Ubisoft Quebec features a return to the franchise's strategic roots with rebuilt vintage maps?,Focuses on the Ubisoft Quebec developer and the 'return to strategic roots' as identifying hooks,1852
Which Tom Clancy's Rainbow Six game introduces a new seven-mission single-player campaign and 18 multiplayer levels?,"Uses the specific mission and level counts (7 single-player, 18 multiplayer) as unique identifiers",1852
What game blends classic elements of the Rainbow Six series into a tactical experience rebuilt with modern technology?,Targets the 'blended classic elements' and 'modern technology' descriptions to point to this specific title,1852
"Which strategy game features six factions including Haven, Inferno, Necropolis, and Academy, where a demon invasion interrupts a royal wedding?","Uses the specific factions names (Haven, Inferno, Necropolis, Academy) and the plot point of the wedding interruption to uniquely identify the game.",370
In what game does a character named Agrael transform into a warlock named Raelag through an anagram of his name?,"Targets the highly specific plot detail regarding Agrael's transformation into Raelag, which is a unique character arc in this title.",370
What fantasy title involves a variety of legendary factions fighting against the Demon Sovereign Kha-Beleth and the pursuit of the Rite of True Nature?,"Mentions the unique antagonist Kha-Beleth and the 'Rite of True Nature' mechanic/plot device, which are specific hooks for a specialist to identify the game.",370
What PS2 RPG lets you rebuild the world using a Georama system?,Uses the 'PS2 RPG' and 'Georama system' as unique hooks to identify the game.,1214
In which game does a boy named Toran fight a demon spirit to restore destroyed lands?,Focuses on the the protagonist's name 'Toran' and the plot of restoring lands from a demon spirit's destruction.,1214
Which early PlayStation 2 title features a mechanic where you build houses and volcanoes to restore geographical landscapes?,Targets the specific world-building mechanics involving houses and volcanoes on the PS2 platform.,1214
Which 3DS platformer has a primary objective of gathering one million coins?,Focuses on the unique 'one million coins' goal which is the defining mechanic of this specific entry,1080
What Mario game features a Gold Flower power-up that transforms the protagonist into a gold version of himself?,Uses the 'Gold Flower' and 'Gold Mario' as highly specific hooks to distinguish it from other games in the series,1080
In which side-scrolling title does Bowser's aircraft drop Mario and Luigi's quest to rescue Princess Peach begin?,Targets the specific opening sequence involving Bowser's aircraft and the kidnapping of Princess Peach in a side-scrolling format,1080
Who is the protagonist of the game where a boy uses visualizer goggles to merge with an alien named Warlock?,Uses the hook of 'visualizer goggles' and the alien 'Warlock' to uniquely identify the game,1782
What game is set in the year 220X and features a world networked through EM Waves powered by three satellites?,"References the specific futuristic setting of 220X and the unique EM Wave network powered by the satellites Pegasus, Leo, and Dragon",1782
Which Mega Man title features a character called Fire Leo with a Flame Burner attack?,Explicitly names the game franchise and mentions the specific 'Fire Leo' and 'Flame Burner' mechanic unique to this version,1782
What city-builder features a story about assisting Lord Richard Northburgh in uncovering a conspiracy to overthrow an Emperor?,Mentions the specific character 'Lord Richard Northburgh' and the plot point of a conspiracy against the Emperor to identify the game.,662
In which economic simulation game do you befriend the Grand Vizier Al Zahir to fight Corsairs and stop child trafficking?,Uses the unique combination of 'Grand Vizier Al Zahir' and 'Corsairs' as hooks for a specialist to identify the title.,662
What 2009 strategy game involves building cathedrals and managing trade between the Occident and the Orient?,"Focuses on the setting of the Occident/Orient trade and the 2009 release date, combining it with the city-building/strategy genre.",662
What platformer features a game world called the Glade of Dreams that is thrown into chaos by an army of Darktoons?,Mentioning the 'Glade of Dreams' and 'Darktoons' provides unique setting and plot hooks that a specialist would recognize.,981
Which game involves gathering Electoons to cure a sleeping Bubble Dreamer?,"Focuses on the specific objective of gathering 'Electoons' and the 'Bubble Dreamer' character, which are highly distinguishing characteristics.",981
"In Rayman Origins, what happens when the snoring of the main characters disturbs a granny from the Land of the Livid Dead?",Directly references the game's title and the specific plot catalyst involving the 'Land of the Livid Dead' granny to cover the story aspect.,981
Which James Bond game features a plot involving a missile guidance chip and a battle on a US Space Defense Platform?,Includes the specific 'missile guidance chip' and 'US Space Defense Platform' plot points to uniquely identify the title.,1631
What first-person shooter has Bond fighting against Raphael Drake and his organization Phoenix International?,Uses the antagonist 'Raphael Drake' and the organization 'Phoenix International' as distinct identifiers.,1631
Which 007 game starts with a mission in Paris to stop a nuclear weapon from destroying the Eiffel Tower?,References the specific opening mission sequence in Paris and the Eiffel Tower objective.,1631
What co-op FPS lets you play as career criminals planning high-stakes robberies with a team of four?,Uses the core mechanic of 4-player co-op career criminals and high-stakes robberies to identify the game.,1381
Which first-person shooter focuses on executing dynamic heists to get a 'big score' with AI or live partners?,Targets the 'big score' terminology and the specific dynamic heist structure of the gameplay.,1381
What is the name of the game where you gear up with various weapons and equipment to carry out six different professional heists?,Combines the specific number of heists (six) and the objective of professional robberies to create a search-like query.,1381
Which South Park game features a battle against a ginger army across time and space?,Uses the game's title franchise and the unique 'ginger army' hook to identify the title,1261
What 2D sidescroller has you controlling the four main boys to fight Tenorman's forces?,Mentions the 2D sidescroller mechanic and the specific antagonist 'Tenorman' to provide unique identifiers,1261
"Which game involves Stan, Kyle, Cartman, and Kenny fighting a ginger army in a 2D side-scrolling format?",Combines the character names and the 'ginger army' plot point to allow a specialist to identify the game,1261
Which game features X and Zero fighting against Dr. Doppler's vision of a human-reploid utopia?,"Uses 'Dr. Doppler', 'X and Zero', and 'human-reploid utopia' as hooks to identify the game.",1743
What title involves the Zero Special Forces Unit battling a rebellion sparked by a failed antibody virus?,Focuses on the specific 'Zero Special Forces Unit' and the 'antibody virus' plot point to target specialists.,1743
"In Mega Man X3, what happens to the scientist who created Doppeltown?",Directly uses the game title to ask about the specific plot point regarding the scientist's downfall.,1743
Which PlayStation platformer features a purple dragon and a dragonfly who acts as a health bar?,"Mentions the specific character design (purple dragon) and the unique health mechanic (dragonfly companion), which are hallmarks of this title.",1576
What game involves rescuing dragons trapped in crystal by a villain named Gnasty Gnorc?,Uses the specific antagonist's name 'Gnasty Gnorc' and the plot point of dragons being turned to crystal to uniquely identify the game.,1576
In which game does a young dragon collect gems to progress through the Dragon Lands?,Focuses on the game's primary objectives (collecting gems and rescuing dragons) and the specific setting (Dragon Lands) to target the specialist's knowledge.,1576
Which co-op FPS features a pathogen called the Green Flu in Pennsylvania?,Mentions the unique 'Green Flu' and the specific setting of Pennsylvania to identify the game without naming it,122
What game uses an AI Director to dynamically change enemy spawns and pacing during a zombie outbreak?,"Targets the specific 'AI Director' mechanic and its unique effect on gameplay, which is a hallmark of this title",122
"In Left 4 Dead, how does the teamwork mechanic work with teammate visibility and friendly fire?",Directly asks about the game's specific teamwork mechanics while using the game title for the variety requirement,122
Which DS game is an updated version of the first Battle Network title that includes a crossover with the Star Force series?,"Targets the specific DS port of the first BN game and the Star Force crossover, which uniquely identifies the title",1774
What title features a crossover where ClockMan.EXE travels 200 years back in time to the Battle Network era?,Focuses on the layanan unique plot point involving ClockMan.EXE's time travel to the BN era,1774
In which game do MegaMan.EXE and the Star Force version of Mega Man team up to fight ClockMan.EXE after a misunderstanding regarding Roll.EXE?,Uses the specific character interaction between the MegaMan.EXE and the Star Force Mega Man regarding Roll.EXE to isolate the game,1774
What RPG involves a protagonist who must decide whether to keep the Sword of Aeons by killing his sister or throw it into a portal?,"Targets the highly specific plot point regarding the Sword of Aeons and the tragic choice involving the sister, which is a unique identifier for the game.",694
In which game does the Hero train at the Heroes' Guild and fight a legendary antagonist named Jack of Blades?,Uses the specific names of the 'Heroes' Guild' and the antagonist 'Jack of Blades' to allow a specialist to identify the title.,694
Which fantasy title features a world called Albion where players can influence their ending based on alignment and the choice to use a powerful dark sword?,Combines the setting 'Albion' with the 'alignment' mechanic and the 'dark sword' plot hook to create a distinct query.,694
What RPG has a plot where two best friends are forced to fight due to the curse of the Rune of the Beginning?,Uses the 'Rune of the Beginning' and the 'two best friends' tragedy as unique hooks to identify the game,1454
Which PlayStation game allows you to recruit over 100 characters and build a base while fighting a war between Highland and Jowston?,"Targets the unique recruitment of 100+ characters, base building, and the specific political conflict between Highland and Jowston",1454
"In Suikoden II, how does the gameplay blend different types of combat systems?","Directly uses the game title to ask about the specific combination of turn-based combat, duels, and strategic army battles",1454
What Mario game takes place in the land of dreams called Subcon and involves defeating a toad king named Wart?,Includes the specific location 'Subcon' and the antagonist 'Wart' to uniquely identify the game,1067
"Which 2D platformer allows you to choose between Mario, Luigi, Princess Peach, and Toad to rescue a dream world from a curse?",Mentions the selectable characters and the 'dream world' setting to provide hooks for a specialist,1067
Which classic Nintendo title features an object carrying mechanic and a quest to defeat a villain who hates vegetables?,Focuses on theunique 'vegetable-hating' villain trait and the specific 'object carrying' mechanic described in the summary,1067
Who is the mercenary pirate searching for his sister on Stros M'kai?,Uses the 'mercenary pirate' and 'Stros M'kai' hooks to identify the protagonist and setting,55
Which Elder Scrolls game follows Cyrus as he investigates his sister's disappearance after a letter from Captain Tobias?,Directly mentions the title's series and the specific plot involving Cyrus and Tobias,55
What game features the conflict between the Redguard Crowns and the Empire on the island of Stros M'kai?,Targets the unique historical conflict between the Redguard Crowns and the Empire as a distinguishing characteristic,55
Which Sonic game involves time holes that send the protagonist back to meet a younger version of himself?,Mentions the 'time holes' and 'younger version' hooks to uniquely identify the specific game,506
What title lets you play as both a classic and a modern version of the same blue hedgehog across different eras?,Uses the the 'classic and modern version' distinction which is a core mechanic of the game,506
In which game does a mysterious power create temporal rifts to bring together characters from different points in the game's history?,Focuses on the temporal rifts and history-spanning plot as a distinguishing characteristic,506
Which RPG features a journey to the planet Dominus to prevent the Dark Savant from seizing power?,Uses the 'planet Dominus' and 'Dark Savant' as specific hooks to identify the game for a specialist.,939
What game involves the Higardi race and a struggle to ascend to the Cosmic Circle?,Combines the unique race 'Higardi' and the specific goal of 'ascending to the Cosmic Circle' as distinguishing characteristics.,939
"In Wizardry 8, who is the main antagonist who occupies the city of Arnika with his Black Ship?",Directly names the game to provide a variety of query types while focusing on the antagonist and the specific location of Arnika.,939
Which game features a story told through flashbacks as friends gather for a memorial service at the Croft Estate?,Connects the unique 'memorial service' and 'Croft Estate' hooks to identify the game's framing device,1160
What title in the series allows Lara to use a grappling hook and walk on tightropes for the first time?,Focuses on specific new gameplay mechanics like the grappling hook and tightrope walking to distinguish it from other games,1160
How does Tomb Raider: Chronicles handle its narrative structure compared to previous entries?,Directly addresses the narrative framework mentioned in the summary and storyline,1160
Which game features a protagonist who uses a magical dagger to rewind time after accidentally unleashing a sandstorm that turns people into monsters?,Uses the unique 'magical dagger to rewind time' and 'sandstorm that turns people into monsters' hooks to identify the game without mentioning the title.,836
In what title does the main character share a dream about a bathhouse and uses the secret word 'Kakolookia'?,Focuses on the highly specific narrative details like the 'dream about a bathhouse' and the 'secret word Kakolookia' which are unique markers for the game.,836
What is the plot of Prince of Persia: The Sands of Time?,"A straightforward query about the plot of the game, using the title to provide a variety of variety in search intent.",836
What Fire Emblem title involves defending the nation of Renais from the Grado Empire?,Uses the game title and the specific nations of Renais and Grado as hooks.,1440
Which strategy game features an optional training area called the Tower of Valni to level up units?,Targets the unique 'Tower of Valni' mechanic which is a distinguishing feature of this specific entry.,1440
In which tactical RPG can you protect Renais by managing soldier experience and upgrading abilities against an invading empire?,Focuses on the setting (Renais) and the core tactical RPG loop described in the summary.,1440
What FPS from the Far Cry developers features a Delta Force team investigating an alien ship on a South China Sea island?,Combines the 'Far Cry developers' and 'Delta Force team' hooks with the specific 'South China Sea island' setting to identify the game.,296
Which game involves the US and North Korea teaming up to fight aliens in environments that shift from tropical jungles to frozen landscapes?,Focuses on the unique plot point of the US and North Korea collaborating against an extraterrestrial threat in contrasting weather zones.,296
What shooter lets you customize armor and weapons to fight aliens in both Zero-G and dynamic hostile environments?,Highlights the core gameplay mechanics of adaptive armor customization and the specific 'Zero-G' combat environment mentioned in the summary.,296
Which Steven Spielberg collaboration involves NASA veteran Boston Low and a crystal spacecraft that transports a team to the desolate planet Cocytus?,"Uses the 'Steven Spielberg collaboration', 'Boston Low', and 'Cocytus' as specific hooks to identify the game without using the title.",207
What LucasArts adventure game features a journey to a world named after the 9th circle of Hell in Dante's Inferno?,"Links the 'LucasArts' developer, 'Dante's Inferno' reference, and the '9th circle of Hell' to uniquely identify the title.",207
"In The Dig, how does the team of Low, Robbins, and Brink end up on a desolate alien planet?",Directly asks about the plot mechanism of the game using its title for one of the three questions as per guidelines.,207
Who is the Messenger of Destruction in the game where people were split into Silhouette and Mirage beings?,Mentioning the 'Messenger of Destruction' and the specific 'Silhouette and Mirage' duality identifies the plot's unique hooks.,1356
In which side-scrolling action game does the protagonist use parasites to learn new attacks and absorb spirit from enemies?,"Focuses on the unique 'parasite' mechanic and the spirit absorption system, which are distinguishing gameplay characteristics.",1356
What happens to the world after genetic experiments at the turn of the millennium lead to a biological explosion in Silhouette Mirage?,Uses the title directly to ask about the same catastrophic event described in the story section.,1356
"Which puzzle-platformer features three characters named Erik, Baleog, and Olaf who are kidnapped by the Croutonian empire?",Uses the specific names of the protagonists and the unique 'Croutonian empire' hook to identify the game,454
What game allows you to control a trio of Vikings where one can use his shield as a glider and another can act as a stepping stone?,"Focuses on the unique cooperative mechanic of using a shield as a glider or platform, which is a specialist's hook",454
"In The Lost Vikings, how do the character abilities of the three protagonists differ to solve puzzles?",Directly asks about the character abilities within the title to cover a different attribute (mechanics),454
"What game features a zombie former salesman in a futuristic 1959 version of Punchbowl, PA?","Combines the specific character background (former salesman) and the unique setting (futuristic 1959 Punchbowl, PA) to identify the game.",79
Which title lets you play as a wisecracking zombie who can turn defeated enemies into allies to fight futuristic soldiers and barbershop quartets?,Focuses on unique gameplay mechanics (converting enemies to allies) and the absurd enemy types (barbershop quartets) mentioned in the context.,79
What is the name of the game where a zombie seeks revenge and love in a city built during the Eisenhower administration?,Uses the game's title while linking it to the specific historical-futuristic blend of the Eisenhower era and the plot's focus on revenge and love.,79
Which aviation simulator allows you to fly any aircraft to any global destination through a Free Flight mode?,Focuses on the 'Free Flight' mechanic and the global aviation setting to identify the game.,301
What flight sim from the mid-2000s features a wide array of interactive missions and a realistic global world?,Uses the release timeframe (implied by 1160697600 epoch) and 'interactive missions' as specific hooks.,301
What are the key features of Microsoft Flight Simulator X?,A direct query using the game's title to provide variety in search intent.,301
What RTS game features a struggle for power between four different races on the alien world of Yavain?,Uses the unique name of the alien world 'Yavain' and the 'four races' hook to identify the game.,929
Which old real-time strategy title lets you play through 28 scenarios and includes a powerful scenario editor?,Targets the specific number of '28 scenarios' and the 'scenario editor' feature as distinguishing characteristics.,929
In what game is civilization on the alien world of Yavain about to collapse into anarchy through blood and fire?,Combines the 'Yavain' setting and the specific 'blood and fire' thematic plot hook to enable searchability.,929
Which Game Boy action-platformer has Mega Man fighting a robot named Punk as part of Wily's 'Mega Man Killers' line?,Uses the specific 'Punk' robot and 'Mega Man Killers' terminology to identify the game,1735
What handheld title features a plot where Dr. Wily attempts to power a machine by draining energy from the Earth's core?,Targets the unique plot point about extracting energy from the Earth's core,1735
Which Capcom game combines gameplay elements from the NES versions of Mega Man 3 and 4?,Highlights the specific mashup of NES titles 3 and 4 within a handheld release,1735
What 1998 arcade racing game served as the sequel to Sega Rally Championship?,Uses the name of the original game and the release year to pinpoint the sequel,1572
Which racing title released for Dreamcast and PC was the successor to the original Sega Rally?,Combines the platform ports (Dreamcast and PC) and the lineage to identify the title,1572
What arcade rally sequel from the late 90s was ported to the Dreamcast and PC?,Focuses on the arcade origins and specific porting history to create a specialist hook,1572
What Xbox shooter lets you play as both a human supersoldier and a disgraced alien commander known as the Arbiter?,Uses the dual-protagonist structure (Master Chief and Arbiter) as a unique identifier for the game.,986
Which Bungie game introduced dual-wielding and matchmaking on Xbox Live?,Focuses on the specific technical milestones and developer associated with the title.,986
In what sci-fi story does the Covenant attack Earth in the 26th century while a parasitic threat emerges?,"Targets the plot elements like the 26th-century setting, the Covenant, and the parasitic threat to identify the narrative.",986
What game involves a boy and a massive creature forming a bond while exploring giant ancient ruins?,Focuses on the unique 'boy and massive creature' dynamic and 'ancient ruins' setting to allow a specialist to identify the game,117
In which title does a child travel through mystical ruins with a mysterious companion to survive?,"Uses thees specific plot elements of a child, mystical ruins, and a mysterious companion to distinguish the title",117
How would I find the game about the unbreakable bond between a youth and a creature in a strange land?,References the core emotional theme of the 'unbreakable bond' and the 'strange land' setting while explicitly mentioning the game's premise,117
Which open-world game features a gang that becomes a global media empire with their own energy drink and toys?,"Uses the 'media empire', 'energy drink', and 'toys' hooks to identify the game's unique plot setup.",873
What game involves fighting a virtual reality battle against a hacker gang leader named Matt Miller?,Focuses on the specific 'virtual reality battle' and 'Matt Miller' to create a query that a specialist would recognize.,873
"In Saints Row: The Third, how do the Saints deal with theliegen Luchadores and the Morning Star in the city of Steelport?",Directly asks about the game's conflict with specific factions like the Luchadores and the Morning Star in Steelport.,873
Which RTS game is set in the world of Eberron and involves factions fighting over the Heart of Siberys?,Connects the specific setting (Eberron) and the the key plot device (Heart of Siberys) to identify the game.,674
"What D&D themed real-time strategy game features the creation myth of the three dragon siblings Khyber, Siberys, and Eberron?",Uses the unique cosmology of the three dragon siblings as a hook for fans of the D&D setting.,674
In which 2005 strategy game can the Order faction build Warforged Titans despite the Treaty of Thronehold's restrictions?,"Targets the specific gameplay/lore discrepancy regarding Warforged Titans and the Treaty of Thronehold, which is a highly specific detail for a specialist.",674
"Which game lets you fight Nazis and the Asian underworld in 1935 China using a whip, pistol, and improvised weapons like shovels?","Uses the 1935 China setting, factions (Nazis/Asian underworld), and specific improvised weapons to create a unique identifier for a specialist.",187
What title features a rickshaw chase in Hong Kong and combat on moving gondolas in the South China Sea?,"Targets the specific, highly unique set pieces like the rickshaw chase and the South China Sea gondola battle.",187
"In Indiana Jones and the Emperor's Tomb, what new gameplay mechanics were introduced to improve hand-to-hand combat?",Focuses on the gameplay mechanics and uses the game's title for a direct search query.,187
What 1990s golf game features the St Andrews Old Course and allows users to create custom sound scripts?,Mentions the specific combination of the St Andrews Old Course and the unique 'custom sound script' mechanic to identify the game,772
Which sports simulation includes Bay Hill and Entrada at Snow Canyon as playable courses?,Uses specific course names like Bay Hill and Lodge and Entrada at Snow Canyon as hooks for a specialist,772
Does Links LS 1999 include spectator mode and crowd galleries for its tournament environment?,Targets the general features of the game including the spectator mode and crowd galleries,772
Who is the detective in theCrime Capital of Britain who loves kebabs and solves hostage crises in 2D?,Mentions the 'Crime Capital of Britain' and 'kebab-fiend' traits to identify the specific protagonist,1007
Which puzzle game involves a protagonist who can hit tramps with crowbars and steal trousers in the name of justice?,Focuses on the unique and dark humor mechanics like stealing trousers and crowbar attacks,1007
What is the game Hector: Badge of Carnage! about?,Provides a direct search query for the game's title,1007
Which 1994 Rare platformer used pre-rendered 3D graphics to stand out from other console games?,"Uses the 'Rare', '1994', and 'pre-rendered 3D graphics' hooks to identify the game's technical achievement.",1090
What game starts with Diddy Kong being overpowered by a Krusha while guarding a banana hoard?,Targets the specific plot point of Diddy's defeat by a Krusha and the guarding of the banana hoard.,1090
Who is the main antagonist who commands the Kremling army to steal a hoard of bananas from an island?,Focuses on the main villain and his army to uniquely identify the game's conflict.,1090
Which side-scrolling game allows players to switch between Donkey Kong and Diddy Kong to recover stolen fruit from King K. Rool?,Mentions the playable characters and the goal of recover stolen fruit from the antagonist.,1090
Which 2005 platformer involves a boy escaping a circus to join a secret government camp for psychics?,Includes the 'escaping a circus' and 'secret government camp for psychics' hooks to identify the game without naming it,1339
What game features levels set inside the fractured minds of people in an abandoned asylum?,Targets the unique 'levels inside fractured minds' and 'abandoned asylum' setting as distinguishing characteristics,1339
"In Psychonauts, how do the levels reflect the characters' mental states through gameplay?",Directly addresses the game's title and core mechanic of exploring mental states as described in the summary,1339
What action RPG lets you lead a horde of gremlin-like creatures to conquer lands and defeat corrupt heroes?,Mentioning 'gremlin-like creatures' and 'defeating corrupt heroes' provides specific hooks to identify the game without needing the title.,44
In which satirical fantasy game can you choose to be evil or really evil while commanding minions who sacrifice themselves for you?,Focuses on the unique 'evil or really evil' corruption mechanic and the satirical tone mentioned in the context.,44
How do the mechanics of Overlord involve blending real-time strategy and role-playing elements?,Directly asks about the game's title and its specific blend of RTS and RTS/RPG hybrid mechanics as per the guidelines.,44
Which 1997 soccer game focuses on the 1998 World Cup qualifying process across different global regions?,Targets the unique '1998 World Cup qualifying process' hook to identify the game from its specific mode.,705
What football title features commentary by John Motson and Andy Gray with unique crowd chants for each team?,Uses the specific commentator names 'John Motson' and 'Andy Gray' as distinguishing characteristics for experts.,705
In which FIFA game can you lead a team through the qualification rounds and the final tournament across 16 different outdoor stadiums?,Mentions the specific '16 outdoor stadiums' and the structure of the 'qualification rounds' to link to the title.,705
What aquatic evolution game uses SIXAXIS motion controls to navigate a surreal biosphere?,"Uses 'SIXAXIS motion controls', 'aquatic evolution', and 'surreal biosphere' as specific hooks for a specialist to identify the game.",1353
Which title features a dynamic difficulty adjustment system that lets players evolve organisms at their own pace?,"Highlights the 'dynamic difficulty adjustment' (DDA) mechanic and the 'evolving organisms' theme, which are distinctive features of the game.",1353
How do you play flOw to evolve creatures in a deep blue environment?,A direct query using the game's name to find information on how theplay mechanics work within the deep blue setting.,1353
How do you survive the zombie outbreak on Palanai island in the Banoi archipelago?,Uses 'Palanai island' and 'Banoi archipelago' as specific hooks to identify the game without naming it,1833
Which zombie survival game introduces a new playable character and new enemies in the Banoi archipelago setting?,Combines the 'new playable character' and 'Banoi archipelago' hooks to allow a specialist to deduce the title,1833
What is the plot of Dead Island: Riptide?,Directly asks about the plot of the specific title to cover variety in search intent,1833
Which 007 game involves stopping an arms smuggling ring from creating a new world order?,Combines the title's theme and the specific plot hook about the arms smuggling ring to identify the game.,1639
What early Bond title features a plot centered around an arms smuggling ring?,Uses the 'early Bond title' descriptor and the specific 'arms smuggling ring' plot point to target the document.,1639
What game tasks the player with dismantling a new world order threat posed by arms smugglers?,Focuses on the 'new world order' and 'arms smugglers' keywords to create a search query a specialist would use.,1639
Which fighting game lets you use 'Dial-A-Combo' and a dedicated run button in 2D battles?,Focuses on the unique 'Dial-A-Combo' and 'Run' button mechanics which are hallmarks of this specific entry,1620
In what game does Shao Kahn use the resurrection of Queen Sindel in Earth Realm to merge dimensions and kill billions?,Targets the specific plot point involving Sindel's reincarnation as a catalyst for the merger of Earth Realm and Outworld,1620
What Mortal Kombat title introduces multi-level playfields and battles against Motaro the Centaurian?,Uses the game's title series and the specific boss fight against Motaro to identify the version,1620
What game features a protagonist who must stop the production of a drink made from the bones and tears of his own kind?,Focuses on the poiché unique and gruesome 'bones and tears drink' plot hook to identify the game,1000
Which title in the Oddworld series involves infiltrating the FeeCo Depot and using explosive flatulence to navigate obstacles?,"Combines the game's series name with specific, bizarre mechanics like 'explosive farts' and the 'FeeCo Depot' location",1000
"In which game does a character travel to the city of the dead, Necrum, to free imprisoned spirits and cure an addiction to SoulStorm Brew?","Uses specific terminology like 'Necrum', 'SoulStorm Brew', and 'city of the dead' to allow a specialist to identify the title",1000
Which game features a graffiti artist from the Akomish reservation who can mimic the powers of other superhumans?,"Uses the 'graffiti artist', 'Akomish reservation', and 'power mimicry' hooks to uniquely identify the game without naming it",1941
In what action game set in a locked-down Seattle does the protagonist fight against the D.U.P. to save his tribe from concrete shards?,"Targets the specific setting of 'locked-down Seattle' and the conflict with the 'D.U.P.' and 'concrete shards', providing enough specialized knowledge to identify the title",1941
What is the story of Infamous: Second Son regarding the D.U.P. and the powers of Conduits?,Provides a direct query about the game's title to satisfy the variety requirement while covering the story and factions,1941
What is the expansion pack for Rainbow Six 3: Raven Shield that introduces a new storyline and additional maps?,Directly identifies the game by linking it to its parent game and its role as an expansion,1848
Which tactical shooter expansion adds a new series of missions to the Raven Shield campaign?,Uses the specific 'Raven Shield' hook to identify the expansion pack without using the full title,1848
What Tom Clancy game features a third installment of Rainbow Six with an Athena Sword subplot? aftermath,Uses the 'Athena Sword' keyword and the 'Tom Clancy' branding to target the specific title,1848
Who is the aspiring pirate Guybrush Threepwood in the adventure game?,"Focuses on the protagonist's unique name, Guybrush Threepwood, which is a highly specific identifier for this title.",65
Which humorous pirate game takes place in the port of Mêlée and on the legendary Monkey Island?,Uses the specific locations 'port of Mêlée' and 'Monkey Island' to distinguish the game from other pirate-themed adventures.,65
What is the Special Edition of the classic swashbuckling game featuring a naive hero's search for a fabled secret?,References the 'Special Edition' and the 'naive hero's search for a a fabled secret' to describe the game without naming it directly in the first question.,65
Which fighting game involves a competition called the Battle Chip GP where the winner's NetNavi is targeted for deletion?,Uses the 'Battle Chip GP' and 'NetNavi deletion' hooks to allow a specialist to identify the game without the title,1767
What Mega Man title allows players to use sword maneuvers and specialized moves with battle chips in a two-player link-up combat mode?,Directly references the Mega Man series and the specific 'battle chip' and 'two-player link-up' mechanics to target the title,1767
In which game do Lan Hikari and friends compete in a tournament sponsored by Yai Ayanokoji to prevent data theft by a mysterious organization?,Mentions the specific character names Lan Hikari and Yai Ayanokoji and the specific plot of a tournament sponsored by a wealthy sponsor,1767
Which Overlord expansion adds new armor and weapons created in the tower forge?,Mentions the 'tower forge' and 'Overlord' name to specifically identify the expansion,45
What action RPG expansion allows players to experience how absolute power corrupts in a warped fantasy world?,Uses the 'absolute power corrupts' theme and 'warped fantasy world' hooks to describe the game's premise,45
Which game expansion features an extended single-player campaign with new enemies and levels added to a 2007 title?,References the 2007 release date and the addition of new levels and enemies to a target the specific expansion content,45
Which strategy game lets you fight in the Korean War and Operation Desert Storm with missile-armed units?,Combines specific conflicts like the Korean War and Desert Storm with the unique mechanic of missile-armed units to pinpoint the game,883
What late 20th-century military simulator features improved unit rotation and movable artillery compared to its predecessor?,Focuses on the technical improvements like unit rotation and movable artillery in a late 20th-century setting,883
How do I find the sequel to the original Steel Panthers that includes 1990s hypothetical scenarios?,Directly references the original title and the specific time period of the sequel to ensure high accuracy,883
What FPS remake brings back classic missions with updated graphics and adds over 60 combat levels?,Targets the 'FPS remake' and '60 combat levels' hooks to identify the game without using the title,1273
Which game allows you to play as an elite special operations unit with modes like Team King of the Hill and Capture the Flag?,Focuses on the unique combination of 'elite special operations unit' and the specific multiplayer game modes listed in the context,1273
"In Delta Force: Xtreme, how many single player missions were brought over from the original game and graphically enhanced?","Directly asks about the specific quantity of graphically enhanced original missions, using the game's title for the one allowed instance",1273
Who is the villain that tries to start a war between Britain and China to boost TV ratings in this Bond game?,Focuses on the unique antagonist Elliot Carver and his specific motive (TV ratings) as a hook for specialists.,1640
Which stealth ship incident is the central plot point for the 007 agent in this title?,"Highlights the specific plot point of a stealth ship causing a conflict between the British and Chinese, which is unique to this story.",1640
What is the plot of James Bond 007: Tomorrow Never Dies?,A direct query using the game's title to provide a variety of search intent.,1640
Which Decisive Battles of World War II game focuses on the liberation of Normandy by the Allied forces?,Includes the series name and the specific regional focus to identify the game,611
What computer wargame covers specific campaigns like Operation Cobra and the Falaise Pocket?,"Uses unique historical operations (Cobra, Falaise Pocket) as specific hooks for a specialist",611
Which Strategic Studies Group title simulates the historical battles of the Western Front during the WWII Normandy invasion?,Combines the developer name with the setting and the war period to create a distinct search query,611
What multiplayer FPS has a complex weapon economy and a battle between Terrorists and Counter-Terrorists?,Uses 'weapon economy' and 'Terrorists vs Counter-Terrorists' as specific hooks to identify the game,1372
Which Valve-developed shooter features a skin trading market and objective-based rounds like hostage rescue?,Combines the game's developer (Valve) and unique skin trading ecosystem as distinguishing characteristics,1372
What is the name of the team-based shooter where players buy equipment based on their performance in previous rounds?,Focuses on the round-based equipment purchase mechanic which is part of the core gameplay loop,1372
Which 2007 theme park sim from Frontier Developments lets you build roller coasters with fewer restrictions?,"Includes the developer, release year, and the specific 'fewer restrictions' coaster mechanic as hooks.",209
What management game involves designing amusement parks while playing mini-games and riding the attractions yourself?,Combines the unique loop of managing a park while personally riding attractions and playing mini-games.,209
Which park simulation title features a story-driven campaign with challenges across various themed parks?,Focuses on the specific structure of the story-driven campaign across themed parks.,209
Which Fallout game shifted the gameplay to tactical squad-based combat?,Directly references the game title 'Fallout' and the specific 'tactical squad-based combat' genre shift unique to this entry,17
In what post-apocalyptic title do you lead a squad of the Brotherhood of Steel to restore civilization in the radiated wasteland?,Combines the 'Brotherhood of Steel' and 'radiated wasteland' hooks to identify the game without using the title,17
What tactical RPG lets you lead a squad where your weapons are treated as your only friends in a Wasteland setting?,Focuses on the unique 'squad-based' mechanic and the specific thematic phrasing from the summary regarding weapons and friends,17
Which action RPG blends characters from Disney movies and the Final Fantasy series?,Targets the unique collaboration between Disney and Square's Final Fantasy characters as a primary identifier.,1219
What game follows a boy named Sora searching for his missing friends across different worlds to fight darkness?,Focuses on the protagonist's name (Sora) and the core plot of traveling through multiple worlds to fight darkness.,1219
Which PlayStation 2 title directed by Tetsuya Nomura features an experience-based progression system with predetermined ability unlocks every four levels?,"Identifies the game through the director's name, the platform (PS2), and the specific mechanical detail regarding ability unlocks.",1219
What retro game involves hunting Dracula in a 12-story apartment complex within an eight-minute time limit?,Focuses on the unique premise of a 12-story apartment building and the strict 8-minute time limit to identify the game.,1115
Which side-view flick-screen game has elevators that move randomly and a shock meter that determines game over?,"Highlights the specific combination of flick-screen movement, erratic elevators, and the 'shock meter' mechanic as distinguishing hooks.",1115
How do you find garlic and stakes to fight a vampire in the game Vampire Killer?,Directly asks about the necessary equipment items and the game title to provide a variety of query types.,1115
What co-op action game requires two warriors to uncover the secrets of the Demon's Forge?,Mentions the game's title hook 'Demon's Forge' to identify the title directly,505
Which title involves exploring overgrown ruins and menacing dungeons as a duo of fighters?,Focuses on the duo warrior mechanic and the specific environments mentioned in the summary,505
Which game features a setting where players must venture through downtrodden towns and ruins to stop a demonic forge?,Uses the specific setting characteristics like 'downtrodden towns' and 'ruins' combined with the 'demonic forge' plot point,505
Who is the PI in the futuristic San Francisco setting where you investigate a professor's death?,"Uses the 'PI', 'futuristic San Francisco', and 'professor's death' hooks to target the specific narrative setup.",1290
Which neo-noir game involves a tracking down a Detroit hitman and spying on a surveillance company president?,Focuses on specific characters like the 'Detroit hitman' and 'surveillance company president' to create a specialist's query.,1290
What is the plot of Tex Murphy: Mean Streets?,Directly references the title to provide a variety of search intents.,1290
Which puzzle adventure involves rescuing Catherine from Gehn in the collapsing Age of Riven?,"Uses specific character names (Catherine, Gehn) and the 'Age of Riven' setting to identify the game without using the title.",238
What 1997 graphic adventure features pre-rendered environments and the use of linking books to travel between worlds?,"Combines the release year, the specific 'linking books' mechanic, and the visual style to create a unique hook for a specialist.",238
"In Riven: The Sequel to Myst, what is the primary goal of the Stranger's mission?","A direct question about the plot objective, utilizing the game's title for variety as per the guidelines.",238
What 90s FPS introduces a first-person view to its series after previous side-scrolling platformers?,Uses the transition from side-scrolling to first-person as a specific hook for the series history,342
Which shooter features a futuristic Los Angeles setting where you can kick enemies and interact with pool tables or arcade machines?,Includes unique environmental interactions like pool tables and arcade machines and the specific setting of futuristic LA,342
What is Duke Nukem 3D's gameplay style and setting?,Provides a direct question about the game's title and general overview,342
"Which RPG features a world called Althea consisting of three islands: Arakas, Raven's Dust, and Stoneheim?",Uses the specific names of the world and its three islands as unique hooks to identify the game,1986
What game allows players to choose between a good or evil alignment while fighting a corrupt elven king lich named Makrsh P'Tangh?,Targets the unique villain name (Makrsh P'Tangh) and the specific lich/corrupt elven king plot point,1986
"In The 4th Coming, how does the character creation and alignment system impact the gameplay experience?",Directly references the game title to explore the mechanics of alignment and character customization,1986
Which space sim lets you start with a rusted scout ship in the Gemini Sector of the Troy System?,Uses specific location hooks like 'Gemini Sector' and 'Troy System' to identify the game,794
"In what Wing Commander spin-off can you act as a smuggler, pirate, or mercenary in the frontier regions?",Directly references the Wing Commander series and the player's roles as a smuggler or mercenary,794
What open-ended space game takes place in 2669 and features a mix of Kilrathi and human mercenaries on the fringe?,Combines the specific date '2669' and the presence of the Kilrathi on the space frontier to create a specialist's query,794
What is the updated version of the original Game Boy Wars that improved the CPU's turn logic for faster combat?,Uses the 'improved CPU turn logic' and 'original Game Boy Wars' hooks to identify the specifically enhanced version,1688
Which handheld strategy game from 1997 added 50 new maps and Super Game Boy compatibility?,"Combines '1997', 'handheld strategy', '50 new maps', and 'Super Game Boy' as specific hooks for a specialist",1688
How does the CPU decision-making process differ in Game Boy Wars Turbo compared to the original release?,Specifically targets the differences in the CPU algorithm and the versioning of the title,1688
Which game takes place in Rome and involves rebuilding an order of killers to fight the Borgia family?,"Uses the 'Rome', 'rebuilding an order of killers', and 'Borgia family' hooks to uniquely identify the game without using the title.",113
What Assassin's Creed title features a mechanic where you recruit citizens to build a Brotherhood in Italy?,Directly mentions the series name while focusing on the specific 'recruiting citizens' and 'Brotherhood' mechanics unique to this entry.,113
Which action-adventure game introduces a multiplayer mode with unique characters and distinct assassination techniques for the first time in its series?,Focuses on the 'first time' introduction of multiplayer and 'unique characters' as a distinguishing feature described in the summary.,113
Which Wii platformer features a Nintendo anti-hero who is greedy and uncouth?,"Focuses on the character's personality traits (greedy, uncouth) and the genre to identify the game",1702
What is the title of the side-scrolling game where Wario Land: Shake It! was released?,Directly asks for the title using the series name and specific game title,1702
In which side-scrolling platformer does a rude anti-hero try to gather wealth in a shake-based movement system?,Combines the character's personality with the game's mechanics (implied by 'shake' in the title) and genre,1702
"Which action-adventure game features a protagonist who is now Dracula, fighting across both medieval and modern eras?","Uses the novels of 'Dracula', 'medieval and modern eras' and 'action-adventure' to uniquely identify the game.",1182
"What title in the Castlevania series allows the player to use a Blood Whip, Void Sword, and Chaos Claws to recover health and break defenses?","References the specific unique weapons (Blood Whip, Void Sword, Chaos Claws) as hooks for a specialist to identify the title.",1182
Which MercurySteam developed game has Gabriel Belmont battling against both his own son Alucard and the Belmont clan to stop Satan's return?,"Combines the protagonist's name (Gabriel Belmont), the developer (MercurySteam), and the specific plot conflict with Alucard and Satan to identify the game.",1182
What is the detective adventure game set in the same era as the 1982 film where you track down replicants?,Combines the 1982 film connection and the 'replicants' hook to identify the game,322
Which game focuses on questioning suspects and gathering evidence with six different possible story outcomes?,Focuses on the unique combination of detective mechanics and the specific number of possible endings,322
"In Blade Runner, how does the gameplay differ from traditional adventure games in terms of puzzles?",Directly addresses the game's unique approach to puzzle-solving while mentioning the title,322
Which EA Sports racing title for PC released in 2005 features the 2004 NEXTEL Cup Series tracks and a career mode?,"Combines the release year, platform, and specific series (NEXTEL Cup) to create a search query that targets the game",807
What is the last NASCAR game developed by EA Tiburon for Microsoft Windows before the Eutechnyx era?,Focuses on the unique historical fact that it was the last EA-developed NASCAR title for PC,807
"Which PC simulator includes the Nextel Cup, Busch, and Craftsman Truck series with Ryan Newman and Chad Chaffin on the cover?","Uses specific cover athletes (Ryan Newman, Chad Chaffin) and the inclusion of the three specific series to uniquely identify the game",807
Which South Park game is designed as a 2D game-show style experience?,Uses the game's title elements to identify the specific game-show style game in the franchise.,1258
What title features a sequence of three trivia questions followed by a mini-game to earn points?,Targets the specific 'three questions then a mini-game' loop which is a unique mechanic of this title.,1258
Which game-show based title allows multiplayer competition in a trivia and mini-game format based on aesprites of the same name?,Focuses on the multiplayer requirement and the trivia/mini-game structure to identify the game via its characteristics.,1258
What Mega Man Battle Network game introduces the Soul Unison system where you transform into enemies?,Focuses on the unique Soul Unison mechanic which is a hallmark of the 4th entry,1759
Which handheld game features a protagonist named Lan and a tournament-based progression system in a cyberworld?,Uses the characters Lan and the 'tournament system' hook to specify this particular game,1759
In which title of the series does the player choose between Red Sun and Blue Moon versions with unique souls and chips?,Mentions the version-exclusive content and the specific 'Red Sun' and 'Blue Moon' titles to identify the game,1759
Who is the Dark Master that Spyro and Cynder must face in the final chapter of the trilogy?,Focuses on the specific antagonist 'Dark Master' and the characters 'Spyro and Cynder' to uniquely identify the game's plot.,1584
Which game features dragons who were trapped in a crystal for three years before fighting to save the world?,"Uses the 'trapped in a crystal for three years' hook, a specific plot detail that distinguishes this entry from other Spyro games.",1584
"In The Legend of Spyro: Dawn of the Dragon, what must the protagonists unlock to stop the spread of evil?",Directly asks about the goals in the specific title to test for general knowledge of the game's goals.,1584
Which NES-era platformer is a direct Japanese sequel to the first Mario game but isn't the US version of Mario 2?,Uses the 'direct Japanese sequel' and 'not the US version of Mario 2' hooks to specifically identify this version of the game.,1066
What game features a plot where Princess Toadstool is captured by Bowser after he turns the inhabitants of a mushroom realm into bricks and rocks?,"Focuses on the unique plot detail of residents being turned into stones and plants, which is a distinguishing characteristic of the series lore.",1066
What title was first launched on the Family Computer Disk System as an expansion of the original Super Mario Bros.?,Includes the specific hardware 'Family Computer Disk System' and its status as an expansion to pinpoint the exact title.,1066
Which game set in Colonial America involves a protagonist who is half-Mohawk and hunts Templars during the American Revolution?,Uses the specific 'half-Mohawk' and 'American Revolution' setting to identify thet game without using the title,1266
"What Assassin's Creed title features naval combat, a homestead economy, and a protagonist named Connor?",Combines the series name with unique features like 'naval combat' and 'homestead economy' to target this specific entry,1266
"Which story follows a son's quest for revenge against the Templars after witnessing his mother's death, eventually discovering George Washington was responsible?",Focuses on the plot twist regarding George Washington and the personal vendetta of the protagonist to create a unique hook,1266
Which fantasy open-world game features a protagonist with the power of The Voice who must stop the return of ancient dragons?,Combines the 'power of The Voice' and 'return of ancient dragons' hooks to identify the specific game without using the title.,472
What game is set in Tamriel and involves a power struggle for the throne after the murder of the High King of Skyrim?,Focuses on the setting 'Tamriel' and the specific plot point of the High King's murder and throne conflict.,472
In which Elder Scrolls title does the player act as a prophesied hero capable of standing against dragons in a reimagined virtual world?,Uses the franchise name 'Elder Scrolls' combined with the specific 'Dragonborn' prophecy and open-world nature.,472
Which shooter is a combined remake and sequel of the original Painkiller?,Mentions the specific 'remake and sequel' nature of the game and uses the title to directly link to the source.,1789
Who developed the remake and sequel of the first-person shooter where you fight through hell?,Focuses on the developer 'The Farm 51' and the theme of fighting through hell to identify the game.,1789
What FPS title published by Nordic Games acts as both a reimagining and a continuation of the Painkiller series?,Combines the publisher 'Nordic Games' with the series context to provide a specific hook for specialists.,1789
Who is the protagonist of the tactical RPG where the Duke of Manster kidnaps Nanna and Mareeta?,"Uses specific character names (Nanna, Mareeta, Duke of Manster) and the genre to identify the game",1437
What Super Famicom game takes place between chapters 5 and 6 of Geneology of the Holy War?,Uses the specific timeline placement (between Chapters 5 and 6) and the platform (Super Famicom) as unique hooks,1437
"In Fire Emblem: Thracia 776, how does the antagonist Raydrik transform after his first defeat?",Targets a specific plot point regarding the transformation of Raydrik into Deadlord Mus,1437
What RTS expansion adds three episodic adventures and nine new missions to the legendary WWII strategy series?,Focuses on the 'three episodic adventures' and 'nine new missions' as distinguishing hooks for the RTS genre,1371
Which Company of Heroes add-on introduces three new multiplayer modes and expanded combat abilities?,Uses the same title but focuses on the specific content additions like 'three new multiplayer modes' to identify the expansion,1371
What game update features evolved gameplay mechanics and new battlefields for a Game of the Year winning strategy franchise?,Targets the 'Game of the Year winning strategy franchise' and 'evolved gameplay mechanics' to describe the game without naming it directly,1371
Which 1987 NES platformer features a cybernetic hero fighting against Dr. Wily's reprogrammed Robot Masters?,"Combines the release year, platform, and specific antagonist Dr. Wily to uniquely identify the title",1714
"Who is the scientist who created Mega Man and the other humanoids to help people, but was betrayed by his assistant?",Focuses on the core plot conflict between Dr. Light and his assistant to provide a search hook,1714
What classic Capcom game involves a protagonist fighting through seven different empires of Monsteropolis?,Uses the specific location 'Monsteropolis' and the developer Capcom to distinguish the game from others in the series,1714
"Which RTS game features a progression system through the Archaic, Classical, Heroic, and Mythic Ages?",Focuses on the specific naming of the four 'Ages' which is a unique progression mechanic of this title,324
"What strategy game allows you to choose between Greek, Egyptian, and Norse deities to gain unique god powers and myth units?","Uses the unique blend of three specific mythologies (Greek, Egyptian, Norse) and the 'god power' mechanic as identifying hooks",324
"In Age of Mythology, who is the Atlantean admiral who hunts a cyclops allied with Poseidon?",Directly references the campaign's protagonist (Arkantos) and the plot involving a cyclops and Poseidon,324
Which Tom Clancy strategy game focuses on political power struggles in post-Yeltsin Russia?,Uses the game title and the specific setting of post-Yeltsin Russia to identify the title.,1856
"What strategy title lets you lead one of eight factions, like the Mafia or the KGB, to seize control of a crumbling Russian empire?","Highlights the unique mechanic of leading one of eight specific factions (KGB, Mafia) to take over Russia, which is a specialist's hook.",1856
Which political intrigue game involves competing to fill a power vacuum left by the dead President Boris Yeltsin?,Focuses on the specific plot premise—the death of Boris Yeltsin and the resulting power vacuum—to uniquely identify the game.,1856
Which C&C expansion focuses on the origins of the psionic commando Yuriko Omega through a dungeon crawler campaign?,Targets the specific unique character Yuriko Omega and the unusual 'dungeon crawler' campaign type to identify the game.,759
What Red Alert game follows the aftermath of the war involving FutureTech and the internal corruption of the Allies?,Uses the game's title elements and specific plot hooks like 'FutureTech' and 'Allied corruption' to pinpoint the expansion.,759
Which real-time strategy game features live-action cinematics starring Ric Flair and Malcolm McDowell in a post-war conflict?,"Uses the distinct 'live-action cinematics' trait and the specific celebrity cast (Ric Flair, Malcolm McDowell) as unique identifiers.",759
Which expansion returns players to Azeroth and introduces the Worgen and Goblins as playable races?,Mentions the unique playable race additions (Worgen/Goblins) and the return to Azeroth as a hook for the game's identity,229
In which game did the dragon aspect Deathwing return from Deepholm to reshape the world's surface?,Uses the return of Deathwing from Deepholm as a specific plot point to identify the expansion,229
What title features a storyline where heroes travel through time to retrieve the Dragon Soul artifact to defeat a destroyer dragon?,Focuses on the unique 'Dragon Soul' time-traveling quest and the battle at the Maelstrom as distinguishing characteristics,229
What is the home console version of Bloodline Rebellion?,References the specific subtitle 'Bloodline Rebellion' to identify the game,1236
Which fighting game adds a Scenario Campaign mode when moving from arcade to console?,"Focuses on the specific 'Scenario Campaign' addition for the console port, a distinguishing mechanic",1236
What fighting game has a console port that expands on its arcade counterpart called Bloodline Rebellion?,Combines the arcade origin and the specific Bloodline Rebellion title to create a high-intent search query,1236
Which flight simulator game features a close-range dogfighting mechanic where you play as William Bishop of Task Force 108?,Uses the unique character names 'William Bishop' and 'Task Force 108' as hooks to identify the specific game.,531
In which Ace Combat title do you fight against Andrei Markov and Russian rebels in a real-world setting?,Combines the series name with the specific antagonist 'Andrei Markov' and the Russian setting to pinpoint the title.,531
Which combat aviation game takes place in an alternate timeline where you lead a squad against rebels in Russia?,"Focuses on the setting (alternate timeline, Russia) and the genre (combat aviation) to allow a specialist to identify the game without the title.",531
Who is the villain in the world of Ashan who attempts to use the Blade of Binding to open the gates to Sheogh?,"Focuses on the unique 'Blade of Binding', 'Sheogh', and 'world of Ashan' hooks to identify the game without using the title.",1889
Which Ubisoft strategy game features five protagonists including Nadia and Fiona who fight against a demonic plot?,Combines the specific character names 'Nadia' and 'Fiona' and the 'Ubisoft' developer/publisher hook to target the game.,1889
What prequel to Heroes of Might and Magic V takes place 40 years before the cycle of the series' fifth installment?,Uses the specific timeline details (40 years before Heroes V) and the prequel status to differentiate it from the main series.,1889
What racing game features a pursuit by Sergeant Cross in the fictional city of Rockport?,Mentions Sergeant Cross and Rockport City as unique identifiers for the game's plot,98
Which game involves losing a BMW M3 GTR to a racer named Razor?,Focuses on the specific car model and the antagonist's name to create a a distinctive search query,98
Which NFS title takes place in Rockport City and involves regaining a stolen car?,Uses the game's series name combined with the specific setting and plot hook,98
Which Game Boy RPG involves collecting fragments of a Game Boy RPG involves collecting fragments of an ancient Goddess known as Magi to stop villains from becoming gods?,Uses the specific 'Magi' and 'fragments of an ancient Goddess' hooks to identify the game.,403
"In which classic RPG can you build a party consisting of a mix of humans, robots, and monsters to find a missing father?","Targets the unique party composition (humans, robots, monsters) and the plot goal of finding a missing father.",403
What is the Final Fantasy Legend II story about?,Directly asks about the story of the game using its title for variety.,403
What is the fourth entry in the pirate-themed adventure game series known for its salty humor and monkey-filled settings?,Uses the 'fourth entry' and 'pirate-themed' hooks combined with 'salty humor' and 'monkeys' to help a specialist identify the game.,63
Which puzzle-heavy adventure game serves as the fourth installment in its legendary cinematic story series?,Focuses on the fourth chapter and the 'puzzle-heavy' and 'cinematic story' attributes mentioned in the summary.,63
Which game is called Escape from Monkey Island?,Directly asks for the title using the name provided in the context.,63
What hunting simulation focuses on an interactive experience specifically targeting deer?,Focuses on the unique 'interactive hunting experience' descriptor and the target animal to identify the game,263
Which classic hunting game was released around 1999 and features an interactive experience?,Uses the release date and genre to narrow down the search for early hunting simulators,263
What is the interactive hunting simulator known for its specific focus on deer hunting?,Combines the genre and the specific 'interactive' nature of the deer hunting gameplay to target the title,263
What fighting game is set between the second and third entries of its series and features the BLECE project?,Uses the chronological placement (between II and III) and the specific 'BLECE project' as hooks to identify the game.,884
"Which Capcom title introduces characters like C.Viper, Rufus, and Abel into a martial arts tournament?",References the game's developer (Capcom) and lists several of the specific new characters introduced in this installment.,884
Which game involves the S.I.N. corporation trying to lure Ryu to analyze the Satsui no Hadō?,Focuses on the specific plot objective involving the S.I.N. corporation and the 'Satsui no Hadō' mechanic/concept.,884
What real-time strategy game features campaigns led by Francisco Pizarro and George Washington across 300 years of colonization?,Uses the specific historical figures Pizarro and Washington and the 300-year timeline as hooks for a specialist.,596
Which historical game allows you to start as Christopher Columbus in 1492 and manage diplomacy and warfare in the New World?,Focuses on the starting point of 1492 and Columbus combined with New World diplomacy/warfare mechanics.,596
What is the name of the strategy title focusing on the conquest of the Americas with 42 different missions?,Includes the specific number of missions (42) and the core theme of American conquest while using the game's title context.,596
What shooter features a world called Pandora where players search for an alien Vault left by the Eridians?,"Uses specific lore hooks like 'Pandora', 'alien Vault', and 'Eridians' to identify the game without mentioning the title.",498
Which game has procedurally generated weapons and a cartoon-style visual approach in an open world?,Focuses on the unique technical and artistic characteristics: 'procedurally generated weapons' and 'cartoon-style visuals'.,498
"In Borderlands, what is the role of the Guardian Angel in helping the Vault Hunters?",Directly asks about a specific character/entity (Guardian Angel) and the player's role (Vault Hunters) within the game's title context.,498
Who are the fighting game titans that face off in this crossover title?,Mentioning fighting game titans suggests the search intent for the crossover match-up described in the summary,1065
Which fighting game crossover features a battle between the Capcom and Bandai Namco's most famous franchises?,Uses the 'Capcom and Bandai Namco' hooks as specialists would know these are the publishers of the Street Fighter and Tekken series,1065
What is the title of the game where characters from Street Fighter and Tekken fight each other?,Directly asks for the title based on the game's name provided in the context,1065
Which shared-world shooter features a game world that was devastated by the Collapse and involves fighting the Darkness?,Uses the 'Collapse' and 'The Darkness' as unique lore hooks to identify the game.,1939
In what game do you play as a resurrected Guardian assisted by a Ghost in the ruins of the Old Russia Cosmodrome?,Targets the specific plot point of being a resurrected Guardian with a Ghost starting in the Cosmodrome.,1939
What Bungie title blends first-person shooter mechanics with MMO elements but avoids being a traditional MMO through on-the-fly matchmaking?,Combines the developer (Bungie) and the specific 'shared-world shooter' and matchmaking mechanics to distinguish the title.,1939
Which marble racing game allows players to compete in an arena setting?,Includes the 'marble racing' and 'arena' hooks to specifically identify the game's theme and setting.,1019
What is the name of the marble-based competition game released in 2009?,Uses the release date (2009) and the 'marble-based competition' description to narrow down the search.,1019
What title features competitive marble sports in a digital arena?,Combines the 'competitive marble sports' and 'arena' descriptors to create a search query a user would likely use.,1019
Which Kingdom Hearts title involves Sora and Riku taking the Mark of Mastery exam in the Sleeping Worlds?,Combines the game's series name with the specific 'Mark of Mastery' and 'Sleeping Worlds' plot points.,1226
What handheld game features King Mickey and Yen Sid training protagonists to become Keyblade Masters?,Uses the specific characters King Mickey and Yen Sid and the goal of becoming 'Keyblade Masters' as unique hooks.,1226
Which 3DS RPG uses its depth effect specifically for falling and flying movements to increase immersion?,Focuses on the hardware (3DS) and the unique technical application of 3D effects described in the summary.,1226
Which dungeon management game lets you play as an evil Underlord building an unholy hall to fight off heroes?,Uses the unique 'Underlord' role and 'unholy hall' as hooks to identify the game,1878
What RTS-inspired god game involves excavating a dungeon and using rituals and spells to trap unsuspecting goodly heroes?,Combines the 'RTS-inspired god game' and 'ritual' mechanics to pinpoint the title,1878
"In War for the Overworld, how do you attract creatures to work and fight in your custom-built dungeon?",Directly asks about the game's core mechanic of dungeon excavation and creature recruitment while using the game's title,1878
What RTS game features a struggle for power between the GDI and the Brotherhood of Nod over a resource called Tiberium?,"Uses unique hooks like 'GDI', 'Brotherhood of Nod', and 'Tiberium' to identify the game without naming it",647
Which classic strategy title involves obeying thecommands of a charismatic leader named Kane?,Focuses on the specific character 'Kane' and the faction names to provide a distinct identifier,647
"In Command & Conquer, how do you produce units like tanks and infantry?",Directly asks about the core gameplay loop involving the resource gathering and unit production mentioned in the summary,647
"What action platformer lets you play as a dragon who recovers fire, ice, earth, and electricity breath after losing them?",Includes specific elemental breath types and the character's nature as a dragon to identify the title without using the name,1583
Which game allows the player to slow down time using a 'Dragon Time' ability?,Focuses on the unique 'Dragon Time' mechanic as a key identifier,1583
"In The Legend of Spyro: The Eternal Night, how do you level up your breath powers?",Directly asks about the progression system using the game's title for variety,1583
What is the team-based FPS where players fight for control of London after dirty bomb attacks?,Combines the setting of radiation-stricken London and the the game's core genre to create a search query,1902
Which shooter lacks aim assist and controller support to prioritize raw player skill?,Focuses on the unique mechanical constraint of explicitly lacking controller support and aim assist as a primary feature,1902
What game involves a conflict between the Central Disaster Authority and a syndicate called Jackal?,"Uses the specific names of the opposing factions, Central Disaster Authority and Jackal, as distinguishing hooks",1902
"Who is the protagonist in the space fantasy RPG where a girl seeks revenge against King Lassic across the planets Palma, Motavia, and Dezoris?","Combines the specific names of the planets (Palma, Motavia, Dezoris) and the antagonist (King Lassic) to pinpoint the title.",1233
"What classic RPG features a party consisting of a girl, a cat-like creature, Odin, and an Esper named Noah?",Focuses on the unique party composition—specifically the cat-like creature Myau and the Esper Noah—to identify the game.,1233
Which game set in the Space Century 3240 in the Algol Star System involves exploring 16-level dungeons to stop an evil ruler in a castle in the sky?,Uses the setting (Space Century 3240) and the specific dungeon structure mentioned in the summary to provide distinct hooks.,1233
Who is the protagonist of the 1996 adventure game where a live-action actor is mixed with hand-drawn animation?,Focuses on the unique visual style blending live-action and mixed-media animation from the 1996 release date,916
Which game features a sidekick named Flux Wildly and uses APM Music stock tracks like Spooky Scherzo?,Uses the specific character name 'Flux Wildly' and rare music credits to act as hooks for a specialist,916
What is the Toonstruck game's protagonist's name and why is it a pun on his creative block?,Directly references the title while asking about the character's specific pun name as described in the summary,916
What Resident Evil game takes place on the cruise ship Starlight and features Leon S. Kennedy?,Combines the game title with the specific setting (cruise ship Starlight) and character (Leon S. Kennedy) to ensure high precision.,969
Which Game Boy Color horror title uses a top-down perspective that switches to first-person combat with a sliding reticle?,Uses the unique hardware (Game Boy Color) and the very specific gameplay mechanic (top-down to first-person sliding reticle) as hooks.,969
In which non-canon story does a S.T.A.R.S. member attempt to destroy a Bio Organic Weapon on a voyage to Europe?,"Targets the plot specifics (non-canon, S.T.A.R.S. member, Bio Organic Weapon, voyage to Europe) without mentioning the title.",969
What modern military shooter focuses on Tier 1 Operators fighting in Afghanistan?,Uses 'Tier 1 Operators' and 'Afghanistan' as specific hooks to identify the modern setting and elite units of this specific reboot/entry.,556
Which game allows players to experience the role of a precision instrument of war operating under the National Command Authority?,"Mentions the 'National Command Authority' and the 'precision instrument of war' description, which are distinct narrative hooks from the context.",556
What Medal of Honor title is developed with the input of actual elite special operations forces?,Uses the game's title and the specific detail about the development involvement of actual elite operators to target this specific version of the series.,556
Which 1984 Lucasfilm Games title involves a sports-like competition released across Atari 8-bit systems and the NES?,"Connects the developer (Lucasfilm Games), the year, and the diverse platforms to identify the specific title.",176
What early computer game developed by David Levine was later remade as Masterblazer and Ballblazer Champions?,Uses the lead programmer's name and the names of the subsequent remakes to provide strong hooks for a specialist.,176
Which retro sports game from the 80s had a development name of Ballblaster and was ported to the ZX Spectrum and Amstrad CPC?,References the specific development alias 'Ballblaster' and the niche ports to the ZX Spectrum and Amstrad CPC.,176
Which early life simulation expansion introduces the ability to travel to a downtown area via taxi to date other characters?,Focuses on the 'taxi to downtown' and 'dating' hooks to identify the specific expansion pack,899
What The Sims add-on first introduced community lots and the ability to interact on lots other than the home lot?,Directly asks about the the first instance of 'community lots' and 'non-home lots' which is a key mechanical change,899
Which game expansion lets you play matchmaker in a city area with restaurants and shops while time stands still during interactions?,Combines the 'matchmaker' role and the specific 'time stands still' detail from the story description,899
Who is the antagonist anthropologist who returns from a presumed death in Peru to challenge Lara?,Uses the specific characters 'Amanda Evert' and 'Peru' to identify the game via story hooks,1161
What Tomb Raider game served as a reboot and introduced more acrobatic movements like somersaults and flips?,Focuses on the game's role as the reboot and the specific movement mechanics like somersaults,1161
In which adventure does Lara race against James Rutland Jr. to find a South American relic?,Combines the specific rival James Rutland Jr. and the South American relic plot point to create a searchable query,1161
Which Game Boy RPG lets you grow your party members by having monsters eat the meat of defeated enemies to evolve?,Targets the highly unique 'monster eating meat to evolve' mechanic which is a specific hook for this title.,396
What game features a tower that connects to Paradise and is guarded by monsters based on the Chinese Zodiac?,Combines the unique setting of a tower leading to Paradise and the specific 'Chinese Zodiac' monster theme to identify the game.,396
What is thestoryline of The Final Fantasy Legend?,Directly asks about the plot of the game while using the title to be a variety in the query style.,396
What point-and-click adventure game features a protagonist who is a court jester with a smelling squirrel toupee?,Uses the unique 'court jester' and 'squirrel toupee' descriptors to identify the game,1287
In which game does the villain from the previous entries in the series finally tell his side of the story?,Focuses on the narrative hook of the villain's perspective in the final chapter of a series,1287
What is the Legend of Kyrandia 3: Malcolm's Revenge about?,Directly asks about the plot of the specific game title,1287
Which Talonsoft wargame features unit modeling down to individual infantry guns and tanks for conflicts from 1939 to 1955?,"Mentions the developer Talonsoft, the specific time period, and the granular unit modeling to uniquely identify the game.",896
What operational level war simulation allows players to switch between military symbols and pseudo 3D miniature icons?,Focuses on the unique graphics modes (military symbols vs. pseudo 3D miniatures) which is a distinguishing visual characteristic.,896
What scenario-based strategy game covers WW2 and Korea with a zoomable map and built-in political event editor?,"Highlights the scope (WW2/Korea), the scenario-driven nature, and the specific map/editor features.",896
Which fighting game lets you pair up characters and includes mimic fighters like Tetsujin and Unknown?,"Uses the unique 'mimic fighters' and specific character names (Tetsujin, Unknown) as hooks to identify the game.",1249
Which non-canonical Tekken title serves as a compilation of the first three games' rosters?,Combines the 'non-canonical' and 'compilation' aspects with the series name to clearly identify the title.,1249
What game brings back characters like Bruce Irvin and Michelle Chang who were missing from Tekken 3?,Focuses on the unique roster composition and the specific characters returning from earlier entries in the series.,1249
Who is the notorious villain Vaas Montenegro in which game?,Mentions the unique character 'Vaas Montenegro' to identify the game.,529
Which first-person shooter is set on a lawless island with diverse landscapes like swampy grasslands and mountain ranges?,Uses the specific setting of a 'lawless island' and unique landscape descriptions to target the search intent.,529
What game involves surviving on a violent island where the only escape is through guns or drugs?,Focuses on the atmospheric and plot-driven elements of survival on a lawless island as described in the storyline.,529
"Which WWII submarine sim features playable Type II, VII, IX, and XXI U-boats?","Includes specific U-boat types (Type II, VII, IX, XXI) as high-value hooks for specialists to identify the game.",870
What naval combat game lets you command a crew that evolves over time across a non-linear campaign?,Focuses on the unique crew evolution mechanic and the non-linear campaign structure described in the context.,870
How do I find the game where you can surface and use a deck gun against Allied convoys in a realistic 3D WWII environment?,"Combines the setting (WWII), the specific action of using a deck gun against convoys, and the 3D environmental focus to target the specific title.",870
What D&D based MMORPG focuses on rebuilding the Jewel of the North after a volcanic eruption?,Mentions the unique 'Jewel of the North' and 'volcanic eruption' descriptors to identify the title,1908
Which fantasy game is set in Faerûn a century after the Spellplague?,Focuses on the unique lore element of the 'Spellplague' and the 'Faerûn' setting to pinpoint the game,1908
In what free-to-play action RPG do players help Lord Neverember restore a city in the Savage North?,Uses the specific character 'Lord Neverember' and the 'Savage North' region as distinguishing hooks,1908
Which MSX2 stealth game was created by Hideo Kojima as a response to the development of Snake's Revenge?,"Includes the 'MSX2', 'Hideo Kojima', and 'Snake's Revenge' hooks to uniquely identify the game",377
What action-adventure title for the MSX2 serves as the direct sequel to the original Metal Gear?,Targets the specific platform (MSX2) and its relationship as a direct sequel to the first Metal Gear,377
Which Kojima-designed stealth title features the protagonist Solid Snake in a continuation of the MSX2 version of the first game?,"Combines the creator (Hideo Kojima), the character (Solid Snake), and the platform (MSX2) to identify the title",377
Which RPG takes place on Filgaia and features a protagonist who wants to become a Golem Hunter?,Uses the unique setting of 'Filgaia' and the specific 'Golem Hunter' ambition to identify the game without naming it.,1682
What game features a HEX battle system and the ability to use dual-pistols to solve environment puzzles?,Targets the signature 'HEX battle system' and the unique 'duel-pistol' puzzle mechanic introduced in this title.,1682
What is the story of Wild Arms 5 regarding the Veruni aliens and the girl named Avril?,"Provides a direct query about the game's title and plot, covering the story aspects of the own narrative.",1682
"What 1988 detective game follows Sonny Bonds after he joins the Homicide squad in Lytton, California?","Includes specific hooks like '1988', 'Sonny Bonds', and 'Lytton, California' to identify the game without using the title.",1925
Which adventure title involves investigating a revenge-driven crime spree in the fictional town of Lytton?,Focuses on the setting (Lytton) and the thematic 'vengeance' element to create a specialist-level query.,1925
What is the plot of Police Quest II: The Vengeance?,Provides a direct query using the game's title to cover a different search intent.,1925
What Japan-exclusive Game Boy Color strategy title is the second entry in the Nintendo Wars series?,Mentioning the 'Japan-exclusive' and 'Game Boy Color' attributes helps narrow down the search for this specific title,1689
Which turn-based tactical game for the GBC was never released outside of Japan?,Focuses on the 'turn-based tactical' genre and the 'Japan-only' restriction for the GBC,1689
What handheld strategy game from the Nintendo Wars franchise is the sequel to the original Game Boy Wars?,Uses the 'Nintendo Wars' series hook to directly link to the game's franchise,1689
"Which game features Eldin, Torma, and Rami as treasure hunters facing off against Ragule's attempt to revive an ancient beast?","Includes specific character names like Eldin, Torma, and Rami and the antagonist Ragule to uniquely identify the game.",1180
In what title do a group of friends explore ancient ruins to stop a power-hungry leader from endangering humanity?,"Focuses on the setting of ancient ruins and the goal of preventing a beast's resurrection, providing a specific narrative hook.",1180
What is the plot of Lufia: The Ruins of Lore?,Directly uses the game title to provide a variety of query types as per guidelines.,1180
What open-world space sim lets you manage ship components like fusion drives and visit Aegis showrooms?,Focuses on theunique 'fusion drive' and 'Aegis showroom' hooks to identify the game without naming it,1595
In which MMO can players use a MobiGlas to track deliveries and earn Credits for ship upgrades?,Uses the 'MobiGlas' and 'Credits' currency hooks to identify the game,1595
What is the gameplay experience of Star Citizen?,Provides a straightforward query using the game's title to cover different search intents,1595
Which game lets you hunt down all the Metroids on a sprawling underworld planet?,Focuses on the unique goal of hunting Metroids in an underworld setting to identify the game.,1102
What handheld title features the Spider Ball and the Plasma Beam to fight aliens?,Uses specific power-ups like the 'Spider Ball' and 'Plasma Beam' as distinguishing characteristics.,1102
Can you tell me about Metroid II: Return of Samus's goal to eradicate the Metroids?,Provides a direct question using the game's title to satisfy the variety requirement.,1102
Which cancelled LucasArts game features a bounty hunter exploring the underworld of Coruscant's Level 1313?,Uses the specific 'Level 1313' and 'cancelled LucasArts' hooks to identify the game,1386
What gritty Star Wars title was scrapped when Disney closed LucasArts and focused on bounty hunter gadgets over Force powers?,"Targets the unique 'gritty' tone, the closure of LucasArts, and the specific gameplay focus on bounty hunter tools",1386
Which action-adventure game lets you play as Boba Fett in a metropolis known as Level 1313?,Combines the protagonist Boba Fett with the specific location Level 1313,1386
Which free to play tactical MOBA from Trion Worlds was cancelled in 2013?,Mentioning the developer Trion Worlds and the 'tactical MOBA' genre specific to this title helps identify it.,1903
What Trion Worlds project was described as a tactical MOBA but had its development halted?,Combining the developer and the specific 'tactical MOBA' description identifies the unique project.,1903
What is the name of the tactical MOBA that was put on hold during its development by Trion Worlds?,Using the developer and the project's status as a 'put on hold' tactical MOBA provides specific hooks for a specialist.,1903
What FPS blends Old West lawlessness with a modern setting between LA and Juarez?,Identifies the game through the unique thematic blend of 'Old West lawlessness' and the modern 'LA to Juarez' setting.,543
Which Call of Juarez title shifts the action to a contemporary struggle against drug cartels?,Uses the game's title series but focuses on the specific 'Cartel' subtitle/theme to differentiate it from previous Westerns.,543
What game brings the 'Wild West' theme to the present day in a story involving a journey from Los Angeles to Juarez?,Highlights the unique premise of a modern-day 'Wild West' and the specific geographic path mentioned in the summary.,543
Who is the alien leader Mental and what is his goal in the shooter featuring Sam?,Uses the 'alien leader Mental' and 'Sam' hooks to create a search query based on the story premise.,857
Which retro FPS involves fighting Headless Kamikazes and Sirian Werebulls in ancient Egypt?,Targets specific enemy types like 'Headless Kamikaze' and 'Sirian Werebull' and the 'ancient Egypt' setting to uniquely identify the game.,857
What game lets you fight through a mix of cyberpunk and black magic settings to stop an extraterrestrial entity?,"Focuses on the distinct blend of 'cyberpunk', 'black magic', and 'extraterrestrial' themes to differentiate the game from other shooters.",857
Which tactical RPG sequel takes place three years after the Mad King's War in the oppressed nation of Daein?,Mentions the 'Mad King's War' and 'Daein' to provide specific hooks for fans of the series to identify the title,1442
What Fire Emblem game allows data carry-over from a GameCube save file but can crash the Wii if the save is from easy mode?,Directly uses the game title and focuses on a specific technical quirk regarding the Wii/GameCube save compatibility,1442
Which game features a band of freedom fighters fighting against the Begnion Empire's occupation of Daein?,"Focuses on the setting of the Begnion Empire and the occupation of Daein, which are unique plot points for this specific entry",1442
Which Crash Bandicoot title features a game mechanic where you hijack own enemies called Titans using Mojo?,Mentioning the 'hijack' mechanic and 'Titans' combined with the series name targets this specific entry,1190
In what game do you play as a character who must stop Doctor Neo Cortex from creating a mutant army on the Wumpa Islands?,"Uses unique plot elements like 'Neo Cortex', 'Wumpa Islands', and 'mutant army' to identify the game",1190
What platformer lets you use fighting combos like punches and kicks to collect a magical substance for ability upgrades?,Focuses on the unique gameplay shift to fighting combos and 'Mojo' collection as a primary progression system,1190
What side-scrolling action game based on a 1989 movie features levels set in catacombs and a Zeppelin?,"Uses the 'side-scrolling', '1989 movie', 'catacombs and Zeppelin' hooks to identify the specific title",185
Which retro game lets you play as a treasure hunter in a side-scrolling adventure featuring the Last Crusade?,Combines 'treasure hunter' and 'Last Crusade' to create a natural search query for the game,185
What high-difficulty platformer from the Amiga and Atari ST era is based on the 1989 film about the Holy Grail quest?,References the 'Amiga and Atari ST' platforms and '1989 film' to target the specific version and title,185
How does the cover system work in Company of Heroes?,Targets the specific game title to get a direct answer about its tactical cover system.,654
Which WWII RTS features troops that intuitively use buildings and terrain for defense during European campaigns?,"Uses the 'WWII RTS', 'buildings and terrain for defense', and 'European campaigns' hooks to allow a specialist to identify the game without using the title.",654
What strategy game lets you lead a company across Europe where enemy AI is designed to be highly intelligent?,Combines the 'European campaign' setting and 'intelligent enemy AI' to target the specific gameplay loop described in the summary.,654
Which stealth game follows a betrayed agent named Sam Fisher who seeks revenge after losing his daughter?,Mentions Sam Fisher and the specific plot point of the loss of a daughter to uniquely identify the game,562
What title features a co-op prologue to the single player campaign and split-screen modes?,Focuses on the unique co-op prologue and split-screen mechanics mentioned in the summary,562
What are the plot details for Tom Clancy's Splinter Cell: Conviction?,Directly queries the game title for a user searching for the specific story/plot,562
Which space RTS features a genetic learning algorithm for its AI and physics based on pressure waves?,Mentions the unique genetic learning AI and specific physics properties like pressure waves to identify the game,1167
What real-time strategy game allows players to use phasing units and tow ships in a 3D deep space setting?,Focuses on the unique unit types like phasing and tow ships combined with the 3D space environment,1167
Does The Outforce include multiplayer support for up to eight players via LAN or internet?,Asks directly about the multiplayer capacity and connection methods using the game title,1167
Who are the operatives fighting a terrorist siege in the streets of Las Vegas?,References the 'operatives' and the specific 'terrorist siege in Las Vegas' plot to identify the title,909
Which first-person shooter features tactical battles in locations like the Strip and Fremont Street?,Uses the 'first-person shooter' genre and specific Vegas landmarks like 'the Strip' and 'Fremont Street' as hooks,909
What Tom Clancy game takes place during a crisis in Sin City?,Directly uses the game title's franchise and the 'Sin City' nickname for the setting,909
Which GBA game involves Lan and Mega Man.EXE fighting a cyber crime organization to stop a virus from spreading?,Includes specific character names (Lan and Mega Man.EXE) and the plot (fighting a cyber crime organization/virus) to uniquely identify the game.,1756
What RPG features a Net-Battler system where the user fights computer hacking and digital viruses?,Targets the unique 'Net-Battler' concept and the digital hacking/setting which are characteristic of the series.,1756
"In Mega Man Battle Network 2, how does the story involve the virus spread and cyber crimes?",Directly references the title and the voice of a user seeking plot details about the virus and cyber crime elements.,1756
Which LEGO racing game features the character Rocket Racer and a quest to collect Golden Bricks?,Combines the LEGO brand with the specific character Rocket Racer and the Golden Brick mechanic to identify the game,390
What racing title involves competing against the toughest drivers in the galaxy to find elusive Golden Bricks?,Uses the 'galaxy' setting and 'Golden Brick' hook to allow a specialist to identify the title without naming it,390
What is the rating for LEGO Racers 2?,Directly targets the game's title and its rating for a basic search intent,390
Which Cold War era shooter features an interrogated operative named Alex Mason recalling memories of numbers broadcasts?,Uses the specific character 'Alex Mason' and the 'numbers broadcast' hook to identify the game without using the title,545
What Call of Duty title focuses on CIA clandestine black operations between 1961 and 1968?,"Targets the specific time period and thematic focus on CIA black operations, while using the title series name",545
Which game introduces dive-to-prone mechanics and a flashlight for specific weapons while centering on a US-centric campaign?,Focuses on the unique gameplay mechanics like 'dive-to-prone' and the 'US-centric campaign' structure to identify the title,545
Which JRPG prequel involves fighting super-humans called Sinistrals 99 years before the original game?,Includes specific plot hooks like 'super-humans called Sinistrals' and the '99 years' timeline to identify the game.,1178
What RPG has a dungeon system where enemies are visible on-screen and monsters evolve by eating equipment or fruit?,Targets unique mechanics such as visible enemies in dungeons and the Capsule Monsters' evolution method.,1178
How does the game Lufia II: Rise of the Sinistrals handle monster evolution and puzzle solving?,Directly uses the game title to provide a variety of query types and addresses specific gameplay features.,1178
What psychological thriller features a character named Jodie Holmes who becomes a CIA agent over 15 years?,Focuses on the specific character name 'Jodie Holmes' and her career progression as a unique identifier.,1342
Which game stars Elliot Page and Willem Dafoe in a performance-captured story about a girl's life journey?,Uses the A-list actors Elliot Page and Willem Dafoe as distinguishing hooks to identify the title.,1342
Does Beyond: Two Souls allow players to make decisions that affect the outcome of the story?,Directly asks about the game's choice-driven narrative mechanic using the game's title.,1342
"Which RTS game features a conflict between human colonists in the Koprulu Sector, an insectoid swarm, and a powerful psionic race?",Uses the keyword 'Koprulu Sector' and the three-way conflict to uniquely identify the game.,230
How does the plot of StarCraft involve the Zerg Overmind and the Protoss homeworld?,Directly mentions the game title to cover the variety requirement while focusing on the specific plot points of the Overmind and the Protoss homeworld.,230
"What strategy game has factions based on resourceful humans, an assimilating insect swarm, and a technologically advanced alien race?","Highlights the unique combination of factions—resourceful humans, assimilating insects, and psionic aliens—as distinguishing characteristics.",230
What Firaxis strategy game involves leading a secret paramilitary group to stop a global alien invasion?,Mentions the developer 'Firaxis' and the 'secret paramilitary group' to uniquely identify the title.,1318
Which tactical game features a base management system where you research alien tech to defend Earth?,Focuses on the base management and research of alien technology as a key identifying mechanic.,1318
Which game allows you to act as a commander overseeing both high-level resource management and individual soldier movements during combat against extraterrestrials?,Highlights the role of the commander and the dual-layer gameplay of resource management and tactical soldier control.,1318
Which retro RPG involves traveling through time to fight the Sinsitrals on a floating island?,"Uses the 'Sinsitrals', 'floating island', and 'time travel' as specific hooks for a specialist to identify the game.",1177
What game features a companion named Lufia and a plot centered on love and betrayal to stop four masters of Doom?,Focuses on the character 'Lufia' and the narrative themes of 'love and betrayal' and 'four masters of Doom' as identifying markers.,1177
"In Lufia & the Fortress of Doom, how does the game's world scale compare to typical RPGs of its era?",Directly mentions the game title to provide a variety of query types while asking about the game's specific claim regarding its world size.,1177
Who are the main characters in the game where you fight an insect invasion led by Mizar?,Includes specific character names like Mizar and the 'insect invasion' hook to allow a specialist to identify the game,1355
Which Nintendo 64 title involves rescuing enslaved Tribals from a horde of Drones on the planet Goldwood?,Combines the unique setting of Goldwood and the specific enemy types (Drones/Tribals) to target the game,1355
What is the plot of Jet Force Gemini?,Directly asks about the story of the game using its title for variety,1355
"Which simulation game allows you to manage a rail network across the Western US, Great Britain, and Continental Europe?",Includes specific geographic locales like Continental Europe and Great Britain to act as hooks for specialists,962
What strategy title involves laying tracks and scheduling trains to build a transport empire?,Focuses on the core mechanics of laying tracks and scheduling trains which are central to the gameplay,962
How do I play Sid Meier's Railroad Tycoon to build a railroad company?,Directly uses the game's title to provide a straightforward search query,962
What Raven Software expansion for a dark medieval fantasy game takes place in Thyrion after the defeat of Eidolon?,"Uses 'Raven Software', 'Thyrion', and 'Eidolon' as specific hooks for a specialist to identify the game without naming the title.",745
Which Hexen II add-on introduces a new evil in the world of Thyrion?,Mentions the specific setting 'Thyrion' and the game's role as an add-on to identify the title.,745
What is the official follow-up to Hexen II that features the Portal of Praevus?,Directly uses the game's name and a key plot element for a straightforward search query.,745
Which space adventure game features a janitor who wakes up from a nap in a broom closet during a ship hijacking?,"Uses the 'janitor', 'broom closet', and 'ship hijacking' hooks to identify the game without using the title",28
In which game does the protagonist win money from a slot machine in Ulence Flats to buy a spaceship?,"Targets the specific location 'Ulence Flats' and the 'slot machine' mechanic, which are highly distinguishing characteristics",28
What is the title of the game where a cleaning crew member escapes the planet Kerona and eventually receives a Golden Mop as a reward?,"Combines the unique 'cleaning crew' background, the planet 'Kerona', and the specific reward of a 'Golden Mop' to identify the title",28
What flight simulator focuses on the ultra-secret H.A.W.X. 2 squadron and bleeding-edge military aviation?,Uses the specific 'H.A.W.X. 2 squadron' and 'bleeding-edge military aviation' hooks to identify the game,984
Which combat flight game features night raids and aerial refuelings using denied-existence aircraft?,Targets the specific mission types like 'night raids' and 'aerial refuelings' and 'denied-existence aircraft' which are unique characteristics,984
In which Tom Clancy game do you play as an elite aviator in a high-tech squadron known as H.A.W.X. 2?,Combines the 'Tom Clancy' brand with the specific 'H.A.W.X. 2' unit to ensure a direct search for the title,984
"Which Cinemaware game takes place in Lizard Breath, California, and involves giant ants and nuclear testing?","Mentioning 'Cinemaware', 'Lizard Breath, California', and 'giant ants' provides a specific enough set of hooks to identify the game without using the title.",1061
What classic adventure game features a protagonist named Brick Nash who steals a plutonium truck?,Focuses on the unique character name 'Brick Nash' and the specific plot point of the plutonium truck to target a specialist's knowledge.,1061
What is the plot of Antheads: It Came from the Desert II?,Directly asks about the plot using the game's title to fulfill the variety requirement.,1061
Which third-person shooter features a gritty narrative set in the Shanghai underworld involving two notorious criminals?,Uses the 'Shanghai underworld' and 'two notorious criminals' as hooks to identify the game without naming it,488
What game utilizes a visual style inspired by user-generated content and documentary filmmaking?,"Targets the unique visual inspiration of documentary filmmaking and user-generated content, which is a distinguishing characteristic",488
"In Kane & Lynch 2: Dog Days, what is the main objective of the characters during their 48 hours of hell?",Focuses on the story objective and timeline (48 hours of hell) while using the game's title for one of the three questions,488
What modern tank simulator was developed by eSim Games?,Directly uses the developer eSim Games and the specific genre (tank simulator) to identify the game.,882
Which realistic armored vehicle simulation focuses on modern main battle tanks?,Focuses on the 'modern tank simulation' aspect which is a distinguishing characteristic of the title.,882
What is the name of the eSim Games simulation involving steel armored beasts?,Uses the developer and a play on the game's title to create a search query a user might use.,882
Which space sim involves a pilot who is court-martialed after the destruction of the Tiger' Claw carrier due to stealth fighters?,Uses the specific 'Tiger' Claw' and 'stealth fighters' hooks to uniquely identify the game's prologue,940
In what game do you play as a disgraced Terran Confederation Navy pilot fighting against the Kilrathi?,Mentions the 'Terran Confederation Navy' and 'Kilrathi' enemies to provide a clear reference to the series and specific sequel,940
What title features a plot where the player's flight recorder disk is stolen to frame them for negligence during an attack on the K'tithrak Mang?,Focuses on the unique plot point of the missing flight recorder and the specific location K'tithrak Mang to target high-detail knowledge,940
Which racing game introduces a career mode where players can bet their cars in races?,"Uses the 'betting cars' hook, which is a unique mechanic referred to as 'High Stakes' in the text.",93
What title in the NFS series features 'Getaway' and 'Time Trap' modes alongside the classic Hot Pursuit?,Combines the specific mode names 'Getaway' and 'Time Trap' with the series name to identify the game.,93
Which early racing game first introduced a detailed physics model where damage affects both performance and visuals?,"Targets the technical milestone of car damage affecting performance, which the context specifies as a first for the series.",93
Who is the antagonist that manipulated NATO and China into a war in Kazakhstan?,Focuses on the unique name 'Commander 31' and the specific geopolitical conflict to identify the game,348
Which Battlefield game features a plot where the Burning Flag terrorist group sabotaged peace talks?,Uses the the 'Burning Flag' organization and the series name to identify the specific installment,348
In what game do you fight for both NATO and China before stopping Commander 31 from launching nuclear missiles?,Combines the setting of Kazakhstan and the specific antagonist to create a high-specificity hook,348
What sci-fi RPG sequel involves the android KOS-MOS and a trip to the planet Second Miltia?,"Mentions KOS-MOS and Second Miltia, which are unique identifiers for the Xenosaga series",1228
Which game features a story set in a future where Earth is known as Lost Jerusalem and faces threats from the Gnosis?,Uses the 'Lost Jerusalem' and 'Gnosis' terminology to target the specific world-building of the game,1228
"In Xenosaga Episode II, what is the role of Jin Uzuki and the relationship between Jr. and Albedo?","Directly uses the game title and asks about specific character dynamics involving Jin, Jr., and Albedo",1228
Who are the protagonists in the GBA beat 'em up set in Metro City where they must rescue the mayor's daughter?,Uses the specific setting of Metro City and the plot of rescuing the mayor's daughter to identify the game.,1663
What Game Boy Advance title features a fight against the Mad Gear Gang to save Jessica?,Combines the GBA platform and the specific antagonist group 'Mad Gear Gang' and the character 'Jessica' as unique identifiers.,1663
Which arcade port for the GBA involves Cody and Guy fighting through the city to save a mayor's child?,References the specific character names Cody and Guy and the GBA arcade port nature to target this specific title.,1663
Which third-person shooter features a protagonist who is a former DEA agent framed for the murder of his best friend?,"Focuses on the specific plot point of a former DEA agent being framed for killing his partner, which is a central hook for identifying the game.",19
What game involves a detective partnering with Mona Sax to uncover a conspiracy involving the Inner Circle?,Uses unique character names like Mona Sax and the organization 'Inner Circle' to allow a specialist to identify the title.,19
"In Max Payne 2, how is the player guided through their objectives during gameplay?","Asks about the specific narrative delivery method of internal monologues used to guide the player, tying it to the title directly.",19
What adventure game involves a boy named Runt and the return of the wizard Sordid in a robotic body?,Uses the 'Runt' and 'Sordid's robotic body' as unique hooks to identify the game without using the title.,460
In which game does the protagonist need to find a fuel called mucusade to power a magic wardrobe?,Targets the highly specific and unique item 'mucusade' and the 'magic wardrobe' mechanic/plot point.,460
How does Simon the Sorcerer II lead to the protagonist returning home via a magical wardrobe?,Directly references the title while asking about the specific plot mechanism of the wardrobe.,460
Which business sim by Sid Meier takes players from a beginner to a transport mogul?,Combines the designer 'Sid Meier' and the goal of becoming a 'transport mogul' to identify the game,285
What is the only game in the Railroad Tycoon series available on the PSX console?,Uses the specific platform 'PSX' and series name to pinpoint the exact sequel,285
Which MicroProse transportation simulation allows you to build a rail empire starting as a wannabe?,References the publisher 'MicroProse' and the 'wannabe to tycoon' progression described in the summary,285
Who is the voice and likeness actor for the main character in the Everything or Nothing game?,"This question targets the specific actor Pierce Brosnan's involvement, which is a core detail in the summary.",1644
Which spy movie adaptation features missions in the New Orleans French Quarter and the Valley of the Kings?,Focuses on the unique location hooks 'French Quarter' and 'Valley of the Kings' to identify the game.,1644
What 007 title involves Bond girls Shannon Elizabeth and Heidi Klum?,Uses the specific names of the Bond girls Shannon Elizabeth and Heidi Klum as distinguishing characteristics.,1644
Which first-person adventure game follows Samus Aran's investigation into the corrupting effects of Phazon on Tallon IV?,Mentions the specific 'Phazon' substance and 'Tallon IV' as unique hooks for a specialist to identify the game.,1105
What 3D metroidvania features an ancient Chozo civilization on a planet plagued by Space Pirates?,Focuses on the unique setting of 'Chozo civilization' and '3D metroidvania' to target the specific title.,1105
"In Metroid Prime, how does the protagonist start her mission on the planet Tallon IV?",Uses the game's title and asks about the narrative catalyst provided in the summary.,1105
Which tycoon simulation lets you manage a rail network across entire continents with a dynamic economy and over 40 different locomotives?,"Includes specific hooks like 'continental views', 'dynamic economy', and '40+ locomotives' to identify the title without using the name",840
What is the rail management game that includes 25 historical scenarios and a detailed 3D world scaling from continental views to close-ups?,Focuses on the '25 historical scenarios' and the '3D scaling' mechanic which are distinguishing features of the game,840
Does Railroad Tycoon 3 feature a variety of cargo types and building models for its economic simulation?,Directly asks about the game title to provide a variety of query types as per the guidelines,840
"Which JRPG features a story where a teenager travels between 600 A.D., 1000 A.D., and a ruined 2300 A.D. to stop a parasitic alien called Lavos?",Uses the specific eras and the antagonist Lavos to uniquely identify the game,1802
"What game involves a party including a robot, a frog knight, and a girl from the future who must recover a legendary sword called the Masamune?","Highlights the unique party members (robot, frog knight) and the quest for the Masamune",1802
"In which game can you travel to 65,000,000 B.C. to collect a Dreamstone from a village of humans fighting half-dinosaur half-human Reptites?","Targets the specific prehistoric era and the conflict between humans and Reptites, which are unique plot hooks",1802
Which 1996 golf simulation game is centered around the legendary professional golfer Jack Nicklaus?,Includes the title for a direct search query,761
What classic PC golf title from the mid-90s carries the number 5 in its title?,Uses the 'mid-90s' and 'number 5' hooks to narrow down the specific entry in the series,761
Which sports game released in 1996 features the expertise of the legendary golfer Jack Nicklaus as the primary branding?,Combines the '1996' release date and the 'legendary golfer' persona to identify the game,761
Which strategy game involves leading Saxon knights in a civil war for the English crown after King Richard's murder?,Includes the specific plot trigger (King Richard's murder) and the factional conflict (Saxons vs Normans) to identify the game.,1873
What retro title lets you lead an army against the Normans to win the crown and romance beautiful damsels?,References the specific objective (conquering Normans/winning the crown) and the character archetypes (damsels) found in the summary.,1873
In which game do you fight a civil war in the Age of Chivalry to become the ruler of England?,Uses the 'Age of Chivalry' setting and the goal of ruling England as hooks for the user search.,1873
Who are the primary antagonists attacking the human kingdoms in the world of Tyria?,Focuses on the specific location 'Tyria' and the 'Charr' enemies to identify the game,234
In which game can you navigate the political tension between King Adelbern and Prince Rurik?,Uses specific character names 'King Adelbern' and 'Prince Rurik' as high-specificity hooks,234
What fantasy title features guilds competing for control of the Hall of Heroes while fulfilling an ancient prophecy?,Describes unique world-building elements like the 'Hall of Heroes' and 'guild' mechanics to target the title,234
Which Capcom scrolling shooter features a movement speed boost from boots and a horse for extra health?,Includes specific power-ups like boots and horse to allow a specialist to identify the game without the title.,1288
What retro game involves automatically scrolling upwards while shooting in three specific directions?,Highlights the unique vertical scrolling and three-direction shooting system described in the context.,1288
How does the Gun.Smoke gameplay differ from Commando in terms of movement and shooting mechanics?,Directly compares the game to another title to address the user's search intent regarding its differences from Commando.,1288
What basketball simulation from 2002-2003 features a detailed player design engine and 60 FPS gameplay?,"Uses the specific release window, 'player design engine', and '60 FPS' hooks to target the specific title",808
Which sports title from the early 2000s introduced over 30 motion-captured rebound animations?,Focuses on the unique technical detail of '30 motion-captured rebound animations' to identify the game,808
Does NBA Live 2003 include a fantasy draft and multiplayer options?,Directly asks about key features like fantasy draft and multiplayer using the game's name for variety,808
Which game features a cheerleader zombie hunter who carries her boyfriend's severed head on her belt?,Uses theunique 'cheerleader zombie hunter' and 'boyfriend's severed head' hooks to identify the game without mentioning the title,1284
What title involves fighting rock and roll themed zombie overlords across locations like a Fun Center and a Cathedral?,Focuses on the specific 'rock and roll themed zombie overlords' and the unique settings mentioned in the CONTEXT,1284
"In Lollipop Chainsaw, how does the player's decision to save NPCs affect the ending of Juliet's birthday party?","Directly asks about the game's branching ending mechanic based on NPC survival, referencing the game title as permitted by the guidelines",1284
Which football game has Marshall Faulk on the cover?,Mentions the specific cover athlete Marshall Faulk as a primary hook,776
What is the first Madden title to introduce EA Trax?,"Targets the specific milestone of introducing EA Trax, which is a unique mechanical/audio feature",776
Which 2002 American football game features a three-time NFL Offensive Player of the Year as the face of the cover?,Uses the release window and the athlete's accolades to identify the game without using the title,776
Which third-person shooter lets you switch between robot and vehicle modes while fighting a civil war on a metallic planet?,Focuses on the transformation mechanic and the metallic planet setting to provide unique identifiers for a specialist,555
In what game can you play separate campaigns for both the Autobots and the Decepticons during the conflict on Cybertron?,Targets the specific faction-based campaigns and the location of the Cybertron conflict,555
What are the gameplay mechanics and story of Transformers: War for Cybertron?,A more direct query using the game's title to cover various general search intents,555
Who were the primary rivals featured in the F1 Championship Season 2000 racing simulation?,Mentions the specific rivalry between Schumacher and Coulthard to identify the game,690
Which racing game provides technical insights from the Benetton and Orange Arrows F1 teams?,Uses the specific team collaborations (Benetton and Orange Arrows) as unique hooks,690
What Formula One title lets you lead an underdog team to a world championship using 2000 season data?,Combines the 2000 season setting and the underdog career path to differentiate from other F1 games,690
What Game Boy Color action game features a GBC prequel where Joanna Dark trains at the Carrington Institute?,Mentioning the handheld platform and the specific organization 'Carrington Institute' targets the specific version of the game.,1464
Which title involves destroying a cyborg factory in a South American jungle run by Mink Hunter?,Uses the unique character 'Mink Hunter' and the specific setting 'cyborg manufacturing facility in the South American jungle' as high-specificity hooks.,1464
In which game does a protagonist investigate an alien crash site on the Pelagic I research vessel to uncover secrets about the Skedar?,"Focuses on the specific plot points of the Pelagic I vessel and the Skedar alien race, which are distinct identifiers for this storyline.",1464
What handheld RPG follows the descendants of heroes from a previous series and uses touch-screen controls for magic?,Uses the 'descendants of heroes' and 'touch-screen magic' hooks to identify the game without using the title,1174
In which Nintendo DS title does the story pick up six years after the previous games went dark?,Targets the specific timeframe 'six years' and the platform 'Nintendo DS' to pinpoint the title,1174
What is the plot of Golden Sun: Dark Dawn?,Directly asks for the plot of the game using its title to satisfy the variety requirement,1174
Which fighting game follows the conflict between the spirit sword SoulCalibur and the evil Soul Edge after the original sword was lost to the void?,Uses the specific 'SoulCalibur' and 'Soul Edge' swords as hooks to identify the game,1565
"What fighting title features a 'Conquest Mode' in its arcade version where players lead an army and gain EXP in categories like Soul, Wisdom, and Skill?","Targets the unique 'Conquest Mode' and the specific rank categories (Soul, Power, Wisdom, Skill) found in the arcade version",1565
How does the Weapon Master mode work in SoulCalibur II?,Directly asks about a specific game mode (Weapon Master mode) using the game's title for the variety requirement,1565
Which stealth game involves a master thief named Garrett fighting against a group called the Mechanists who use rust gas to cause an apocalypse?,"Uses the hooks 'master thief named Garrett', 'Mechanists', and 'rust gas' to identify the game without using the title.",1
What game features a plot where a thief infiltrates a submarine project called the Cetus Project to stop a fanatical religion?,Targets the specific 'Cetus Project' and 'submarine' plot points which are unique to this title.,1
"In Thief II: The Metal Age, how does the main character stop Father Karras and his plan involving 'Servants' and 'Cultivators'?",Directly asks about the game's plot resolution using key terms from the context while including the game's title.,1
What action-adventure game features a human resistance led by Angel Sanchez against the alien Catteni?,Mentions the specific protagonist Angel Sanchez and the alien antagonist race 'Catteni' as unique hooks.,1862
In which third-person title do you lead rebels to liberate Earth from an oppressive alien regime using stealth and team-based puzzles?,Focuses on the gameplay mechanics (stealth/team-based puzzles) and the overall plot of liberating Earth from aliens.,1862
What is the name of the game where players fight against the Catteni race to reclaim the planet?,Uses the game's title and the specific name of the alien race to create a direct search query.,1862
"What adventure RPG blends puzzle-solving with side-scrolling action combat and allows characters to be a fighter, thief, magician, or paladin?","Focuses on the unique mix of genre blending and the specific character classes available, providing enough detail for a specialist to identify the game without the title.",1896
What is the setting of Quest for Glory: Shadows of Darkness?,Directly asks about the game's setting to cover a different attribute (setting) as per guidelines.,1896
Which game features a hero transported to the Slavic-influenced land of Mordavia and meets a mysterious woman named Katrina?,Uses high-specific hooks like 'Slavic-influenced land of Mordavia' and the character 'Katrina' to identify the game without mentioning the title.,1896
"Which sci-fi horror game follows Isaac Clarke on a space station built from the remains of Titan, Saturn's moon?",Uses the 'Isaac Clarke' character and the unique 'Titan/Saturn's moon' setting to identify the game,38
What game involves fighting Necromorphs on a civilian outpost called The Sprawl?,Focuses on the 'Necromorphs' and 'The Sprawl' location as distinct identifiers,38
How does the plot of Dead Space 2 pick up after the events on the USG Ishimura?,Uses the game title and specifically asks about the narrative progression from the first game's setting,38
Which Napoleonic war game lets you rewrite history by winning Napoleon's final battle?,Focuses on the unique hook of rewriting history during Napoleon's ultimate battle,608
In what strategy title can you lead the Allied forces of Wellington and Blucher against the Grande Armee?,"Uses specific historical figures like Wellington, Blucher, and the Grande Armee to identify the game",608
What is the second entry in the Battleground series focused on the Waterloo conflict?,Directly references the series name and the specific historical event it covers,608
Which adventure game involves stopping the Egyptian god Set from triggering Armageddon?,Focuses on the specific plot involving the Egyptian god Set and the threat of Armageddon as distinguishing hooks.,1158
What Tomb Raider game introduced a bow with poisonous and exploding arrows?,Uses the game title combined with the specific new weaponry (poisonous/exploding arrows) introduced in this entry.,1158
Which game features large interconnected levels where puzzles require actions across different areas?,Targets the unique level design change mentioned in the summary regarding interconnected areas and cross-level puzzles.,1158
What flight sim features a team of twelve elite pilots led by Luke Skywalker and Wedge Antilles?,Uses the specific 'twelve elite pilots' and the duo of 'Luke Skywalker and Wedge Antilles' as hooks to identify the title.,163
Which Star Wars game focuses on diverse starfighter missions like bombing runs and reconnaissance for the Rebel Alliance?,Mentions the game's title/franchise and highlights the specific variety of mission types described in the summary.,163
What game tasks the player with flying air-to-ground and air-to-air dogfights to stop an Imperial onslaught following the first Death Star's destruction?,Focuses on the setting (post-Death Star destruction) and the specific combat loop (air-to-ground/air-to-air) to allow a specialist to identify the game.,163
What is the Nintendo 3DS fighting game that is an updated version of Tekken 6?,"Connects the hardware (3DS), the genre (fighting), and the specific relation to Tekken 6.",1237
Which 3DS title brings the Tekken series to handheld with native 3D support?,Uses the specific hardware and the 'native 3D support' feature as a hook.,1237
What handheld fighting game offers a graphically enhanced port of Tekken 6 for the 3DS?,Focuses on the 'graphically enhanced port' aspect to distinguish the game.,1237
How do I play as an elite pilot in a tactical shooter set in the BattleTech Universe?,Uses 'BattleTech Universe' and 'elite pilot' as specific hooks to identify the game,1255
Which online game features massive mechanized units called BattleMechs fighting for galactic supremacy in the 31st century?,Targets the unique 'BattleMechs' and '31st century' setting details to allow a specialist to identify the title,1255
What is the gameplay of MechWarrior Online?,Directly references the game name to provide a variety of question types,1255
Which medieval 2D RTS features a conflict between human civilizations and demon-like Fryhtans?,"Combines the medieval setting, 2D RTS genre, and the specific 'Fryhtans' name to create a unique hook.",860
What strategy game is known for having completely different gameplay mechanics for humans versus demons?,Focuses on the distinguishing characteristic of asymmetric playable civilizations (humans vs demons) in a strategy game.,860
What happened to Seven Kingdoms II: The Fryhtan Wars commercially compared to Age of Empires 2?,"Directly asks about the commercial performance and competition mentioned in the summary, using the game title.",860
Who is the LAPD detective in the game set in 1947 Hollywood's Golden Age?,Mentioning the specific protagonist's name 'Cole Phelps' and the setting of 1947 Hollywood's Golden Age provides strong hooks for a specialist to identify the game.,109
Which neo-noir game features a detective solving cases across five different LAPD divisions?,"Focuses on the unique game structure (solving cases across five divisions) and the genre (neo-noir), which is distinct to this title.",109
What game lets you investigate crime scenes and interrogate suspects in 1947 Los Angeles?,"Combines the setting (1947 Los Angeles) and core mechanics (investigating crime scenes, interrogating suspects) to create a search query that a user would likely use to find the game.",109
Who is the mafia hitman possessed by an ancient demonic entity on his 21st birthday?,Mentions specific character name 'Jackie Estacado' and the '21st birthday' plot point to provide a unique identifier,1347
What first-person shooter blends gritty urban crime drama with supernatural underworld powers?,Focuses on the blend of 'urban crime drama' and 'supernatural underworld powers' which describes the unique game premise,1347
"In The Darkness, how does the supernatural possession affect Jackie Estacado's life?",Directly asks about the game by name to satisfy the general query style while targeting the plot impact,1347
Which FPS powered by Source engine uses a dynamic difficulty system based on player stats like Hardcorps mode kills and secrets found?,"Mentions the Source engine, dynamic difficulty, and the specific Hardcorps mode to identify the game via technical and mechanic hooks.",1044
What episodic shooter was meant to have 9 parts but only released one episode called Emergence?,Uses the specific number of planned episodes (9) and the title of the first episode (Emergence) to distinguish the game.,1044
In which game were player actions in early episodes planned to influence the future story segments through anonymous gameplay data uploads?,Focuses on the unique planned mechanic of data-driven story branching based on player behavior across episodic segments.,1044
What GBA game features a Rhynoc wizard named Grendor who freezes fairies to cure his headache?,Combines the specific villain Grendor and the unique plot point of freezing fairies to treat a headache.,1587
Which isometric Spyro title was the first one not developed by Insomniac Games?,Focuses on the development shift away from Insomniac and the specific isometric perspective of the title.,1587
Which handheld game uses Mode 7 technology for its flying bonus levels?,"Targets the technical detail of Mode 7 usage in flying levels, which is a distinguishing characteristic of this GBA release.",1587
Who is the criminal leader in the Star Wars underworld game where you can use bribery and racketeering?,Includes the specific character Tyber Zann and unique crime-based mechanics like bribery and racketeering to identify the game,174
What strategy game allows you to lead Tyber Zann's syndicate to dominate the galactic underworld through kidnapping and piracy?,Focuses on the specific protagonist and the 'corrupt side' gameplay elements of piracy and kidnapping,174
"In Star Wars: Empire at War - Forces of Corruption, what are the new tactics available to the corrupt side?",Directly uses the title to ask about the specific gameplay mechanics described in the summary,174
Who created the puzzle game where you play as a ghost named Sissel trying to uncover the murder of his own death?,Mentioning the protagonist's name 'Sissel' and the 'ghost' premise provides a specific hook for fans,1348
What DS title involves manipulating objects as a spirit to solve mysteries created by Shu Takumi?,Focuses on the developer Shu Takumi and the spirit-manipulation mechanic,1348
How does the ghost in Ghost Trick: Phantom Detective use his special abilities to solve puzzles?,Directly references the game title to provide a variety of search intent,1348
Which sports game features characters from a fighting game series arriving at a private resort owned by a character named Zack?,References the shift to sports and the specific character name 'Zack' and his resort to identify the game,1390
What title in the fighting game franchise where characters compete in beach volleyball on a private island?,Uses the the theme of 'beach volleyball' and the 'fighting game franchise' context to pinpoint the title,1390
What game involves a vacation on Zack Island where characters are fooled by a fake tournament announcement?,Mentions the specific 'Zack Island' location and the 'hoax tournament' plot point to create a unique hook for a specialist,1390
What LucasArts adventure game features Guybrush Threepwood hunting for the treasure of Big Whoop while fighting a zombie pirate?,"Combines the protagonist's name, the specific treasure goal, and the villain's state to create a strong hook for fans.",66
"Which game involves spitting contests, voodoo dolls, and an amusement park in its quest to defeat LeChuck?","Uses highly specific, quirky gameplay challenges and the antagonist's name to identify the title.",66
What is the Special Edition remake of the classic Monkey Island sequel?,A more direct search query that targets the specific 'Special Edition' and 'sequel' nature of the game.,66
Who is the tyrant king of Albion that the player must overthrow to become ruler?,Focuses on the specific character 'Logan' and the setting 'Albion' to identify the game,504
In which game does the player play as the child of their Fable II character to reclaim the throne of Albion?,Uses the 'child of your hero from Fable II' mechanic and the goal of reclaiming the throne to target the game,504
What title involves a struggle for power against a tyrant brother and a later threat from a force called The Darkness coming from Aurora?,Combines the 'tyrant brother' plot point with the specific 'Darkness' and 'Aurora' lore elements to make the game identifiable to a specialist,504
Which adventure game features an investigation involving Dungeon Master Dalboz in the Underground Empire?,Uses the specific character 'Dungeon Master Dalboz' and the 'Underground Empire' setting as unique identifiers.,1955
What title involves visiting locations like Flood Control Dam #3 and Hades within a fantasy realm?,Targets the rare location names 'Flood Control Dam #3' and 'Hades' to allow a specialist to identify the game.,1955
How is Zork: Grand Inquisitor rated by users on IGDB?,Directly queries the game title and its rating to cover a basic search intent.,1955
Which first-person shooter involves an ISA soldier named Sev leading Alpha Team to capture Emperor Visari on the planet Helghan?,"Uses specific characters (Sev, Emperor Visari) and factions (ISA, Helghast) to identify the game without naming it",1866
What game features a multiplayer mode called Warzone with class-based missions like Bodycount and Capture & Hold?,Focuses on the unique naming of the multiplayer mode (Warzone) and specific mission types (Bodycount) as hooks,1866
"In Killzone 2, what is the developers' approach to gameplay that emphasizes scripted, cinematic experiences known as 'Hollywood Realism'?",Directly references the game title while asking about the unique 'Hollywood Realism' development philosophy mentioned in the summary,1866
Which strategy game features a dual-protagonist story involving Alm and Celica on the continent of Valentia?,Uses the dual-protagonist names 'Alm' and 'Celica' and the unique location 'Valentia' to specifically identify the game.,1434
"What title has a plot where the Kingdom of Rigel, followers of the Dark God Doma, invades the Kingdom of Zofia?",Focuses on the specific conflict between the Kingdom of Rigel and Zofia and the mention of the Dark God Doma to create a specialist hook.,1434
In which Fire Emblem game do players lead armies to oppose the worship of the Dark God Doma and the Earth Goddess Mila?,Mentions the game series title and the specific deities (Doma and Mila) to ensure the user can find this specific entry in the franchise.,1434
Which ARPG blends Little Red Riding Hood with Japanese folklore in Edo-era Japan?,Combines the specific fairy tale crossover and the setting of Edo-era Japan as unique identifiers.,1900
What is the dark fantasy action RPG developed by Spicy Horse set in the Edo period?,Uses the developer name 'Spicy Horse' and the specific historical setting to target the game.,1900
Which game features a retelling of Red Riding Hood integrated with mythical monster hunting in historical Japan?,Focuses on the thematic blend of a western fairy tale and monster hunting in ancient Japan.,1900
Which 1997 business sim developed by Bullfrog focuses on managing a healthcare facility with a quirky sense of humor?,"Uses the year, developer (Bullfrog), and the 'healthcare facility' theme to uniquely identify the game.",1624
What is the thematic successor to Theme Park that lets you build and run your own medical center?,"Mentions the 'thematic successor to Theme Park' hook, which is a specific historical link described in the context.",1624
What game involves designing a hospital while featuring the eccentric style typical of Bullfrog Productions?,Connects the specific combination of 'designing a hospital' and Bullfrog's 'eccentric style' to pinpoint the title.,1624
Which RTS game expansion adds Korea and Japan as playable civilizations and introduces hero units?,Identifies the game through the unique combination of Korea and Japan additions and the hero unit mechanic,1609
"What strategy game has campaigns set in Ancient Rome, World War II, and on Mars in the 24th century?","Uses specific campaign settings (Rome, WWII, and 24th-century Mars) as distinct hooks for a specialist",1609
What are the new features introduced in Empire Earth: The Art of Conquest?,Directly queries the expansion's title to find its new content and features,1609
Which Need for Speed title is the direct sequel to Most Wanted and was the first in the series to be rated PEGI 12+?,Uses the 'sequel to Most Wanted' and 'PEGI 12+' hooks to uniquely identify the game.,99
What racing game is the tenth single installment in its franchise and is often abbreviated as NFSC?,Combines the 'tenth installment' and 'NFSC' abbreviation to target a specialist's knowledge of the series chronology.,99
What EA racing game follows the events of Most Wanted and introduced a higher age rating for the series?,Links the 'EA racing game' and 'sequel to Most Wanted' characteristics to ensure a searcher would find this specific title.,99
"What RTS remake focuses on the fight for spice control between the Atreides, Harkonnen, and Ordos houses?","Mentioning the 'spice control' and the specific faction names 'Atreides, Harkonnen, and Ordos' serves as a unique hook for specialists.",87
Which Frank Herbert universe game lets you command one of three factions to win a challenge of spice production?,Combines the 'Frank Herbert universe' and the 'challenge of spice production' to identify the game without relying solely on the title.,87
How does Dune 2000 handle the competition between the three galactic houses?,Directly asks about the game's core mechanics and faction competition using the game's title for the one allowed title-based query.,87
Which early DOS flight simulator has you playing as a Rebel pilot during the events of A New Hope?,Combines the 'early DOS flight simulator' and 'Rebel pilot/A New Hope' hooks to uniquely identify the game.,168
What Star Wars game includes a story expanded by a novella called The Farlander Papers?,Uses the specific 'The Farlander Papers' novella as a highly unique identifier for a specialist.,168
Which combat sim features three tours of duty with linear operations to fight the Galactic Empire?,Focuses on the mechanics of 'three tours of duty' and 'linear operations' to describe the game's structure.,168
Which 2001 racing sim introduced the Daytona track and allowed players to command their pit crew via radio?,"Uses specific hooks like '2001', 'Daytona track', and 'pit crew radio commands' to identify the specific title without using the name.",806
What racing game from 2001 features both an arcade mode for beginners and a simulation mode for experts?,Focuses on the dual-mode structure (arcade vs simulation) and the release year as distinguishing characteristics.,806
Does NASCAR Racing 4 support multiplayer for up to 32 racers?,A direct query about the game's multiplayer capacity to test specific feature knowledge.,806
What GBA action game involves fighting a giant Reploid named Omega and a villain named Dr. Weil?,Uses 'giant Reploid named Omega' and 'Dr. Weil' as specific character hooks to identify the game,1777
Which title in the series features a chip-based customization system and a Recoil Rod weapon for the protagonist?,Targets the specific 'chip-based customization system' and 'Recoil Rod' mechanics unique to this entry,1777
"In Mega Man Zero 3, how does the story transition from the conflict with Copy X and the Dark Elf to the investigation of a crashed spaceship?",Focuses on the story progression and the specific 'crashed spaceship' plot point to test knowledge of the narrative,1777
Who is the character that teaches the protagonist how to operate the Helirin helicopter?,"Mentions Teacher Hare and the Helirin, which are highly specific identifiers for this game",1469
What is the plot of the game where the main character searches for his missing siblings across different worlds?,Focuses on the story hook of rescuing missing brothers and sisters using a unique craft,1469
Which GameCube title involves piloting a slow-spinning propeller craft called a Helirin?,Combines the game's platform (GameCube is implied by release date/era) and the specific 'Helirin' terminology to target the game,1469
Which 2000s strategy game is set on the sand planet Arrakis and focuses on the fight for Spice?,Uses the 'sand planet Arrakis' and 'Spice' hooks to identify the game without mentioning the title,88
What title from Dreamcatcher Games features a conflict between House Atreides and House Harkonnen?,Mentions the developer 'Dreamcatcher Games' and the specific faction conflict for specialist identification,88
In which game do you follow the story of Paul and Jessica surviving a massacre orchestrated by Baron Harkonnen and the Emperor?,Focuses on the specific plot points of Paul and Jessica's survival and the Baron's betrayal to create a unique search query,88
"What FPS lets you build a character through a mix of solo, co-op, and online multiplayer in a setting described as humanity's final sanctuary?",Uses the 'humanity's final sanctuary' and seamless mode blending as hooks to identify the game without using the title.,502
Which game features a dynamic battlefield and an innovative control system where players choose specific combat roles to survive?,Focuses on the specific 'innovative control system' and 'combat role' mechanics mentioned in the summary.,502
What is the gameplay loop and rating for the game Brink?,Provides a direct query using the game's title to capture users searching for general information and ratings.,502
What tactical shooter features a futuristic soldier unit fighting rebels at the US-Mexico border wall in 2014?,Uses the 'US-Mexico border wall in 2014' and 'futuristic soldier unit' as specific hooks to identify the game.,1301
Which game involves the Integrated Warfighter System (IWS) and a 72-hour window to stop an invasion?,Targets the highly specific 'Integrated Warfighter System (IWS)' mechanic/equipment mentioned in the storyline.,1301
What is Tom Clancy's Ghost Recon Advanced Warfighter 2 about?,Directly asks about the game by name to satisfy the variety requirement.,1301
What FPS features a plot where Ultranationalists take over Russia and build a statue of Imran Zakhaev in Red Square?,Targets the specific political setup and the unique 'statue of Imran Zakhaev' hook to identify the game,559
Which Call of Duty game follows the revenge campaign of Vladimir Makarov after Zakhaev's death?,Uses the key antagonist Vladimir Makarov and his revenge plot as a distinguishing characteristic,559
Which 2009 Infinity Ward shooter is the direct sequel to the original Modern Warfare?,"Combines the release year, developer, and sequel status to uniquely identify the title",559
What 2013 card game allows players to travel across different planes to face opponents with ten customizable decks?,Mentions the specific '2013' date and 'travel across different planes' mechanic to uniquely identify the game,1891
Which Magic: The Gathering title features individual records and customizable decks for plane-walking encounters?,Uses the game's title and specific features like 'individual records' and 'customizable decks' to narrow it down,1891
Which digital card game has a mode where you face AI or friends while exploring fantastic planes?,Focuses on the 'exploring fantastic planes' and 'AI or friends' gameplay elements characteristic of this specific series,1891
Which LEGO action-adventure title lets you play through the plot of the first four pirate movies?,Uses the 'LEGO action-adventure' and 'first four pirate movies' as hooks to identify the specific title.,542
What brick-based game features humorous versions of the Caribbean seafaring characters?,Focuses on the 'brick-based' and 'Caribbean seafaring characters' to describe the game without naming it directly.,542
What game adapts the Disney pirate films into the quirky LEGO building style?,Combines 'Disney pirate films' and 'LEGO building style' to provide a clear path for a specialist to identify the game.,542
Which racing game allows you to pilot pods at 600 mph as Anakin Skywalker?,Uses the specific speed '600 mph' and character 'Anakin Skywalker' as unique identifiers.,154
What Star Wars game focuses on pod racing across 8 different worlds with hazards like methane lakes?,Combines the franchise name with the specific 'pod racing' mechanic and the environmental hazard 'methane lakes' to pinpoint the title.,154
In which game can you choose from over 20 pod racers to compete in split-screen mode on 21 different courses?,"Focuses on the specific numbers of racers (20+), courses (21), and the split-screen mode to identify the game via its mechanical features.",154
Which open-world game involves hunting a ruthless arms dealer called The Jackal during a civil war?,Uses 'The Jackal' and 'civil war' as specific hooks to identify the game without naming it,361
In what game do you form alliances with rival rebel factions to track down a mysterious war profiteer?,Focuses on the mechanics of rebel alliances and the antagonist's role as a war profiteer,361
What are the main objectives and plot of Far Cry 2?,Directly asks about the game by name to provide a variety of search intents,361
What 1999 LucasArts adventure game is based on the first prequel movie of the Star Wars saga?,"Combines the year, developer, and 'first prequel movie' hook to uniquely identify the game.",158
Which video game adaptation of the Phantom Menace movie came out in 1999?,Uses the movie title and release year to create a direct search query.,158
Which LucasArts title from 1999 lets you experience the events of the first movie in the Star Wars prequel trilogy?,"Focuses on the developer, the release year, and the 'prequel trilogy' context to identify the game.",158
What puzzle adventure game involves traveling ten years into a future steampunk London where the main character has become a mafia boss?,Uses the unique plot twist of the protagonist becoming a mafia boss in a steampunk future to identify the game,1399
Which DS game features a currency called Picarats and a 'super hint' system for brainteasers?,Targets the specific 'Picarats' currency and the 'super hint' mechanic unique to this title's puzzle system,1399
How does the story of Professor Layton and the Unwound Future begin with a time machine demonstration gone wrong?,Directly asks about the story setup involving the time machine to associate it with the specific title,1399
What RTS expansion introduces the Imperial Guard with heavy armor and overwhelming troop numbers?,Mentioning the Imperial Guard and their specific reliance on heavy armor and troop numbers serves as a unique identifier for this expansion,465
"Which Warhammer 40,000: Dawn of War add-on focuses on the Winter Assault campaign?",Directly references the game title and its specific expansion name to ensure an accurate search,465
What strategy game extension adds new defensive and ranged tactics for the Imperial Guard?,Focuses on the specific mechanical additions of defensive and ranged tactics for the Imperial Guard to distinguish it from the base game,465
Which action RPG features a continuous 3D fantasy world where you fight against an unleashed army of evil?,Mentioning the continuous 3D world and the army of evil focuses on the specific setting and gameplay loop mentioned in the summary,329
In what game can you experience a non-stop action RPG hybrid in a fantasy setting?,Targets the hybrid nature of RPG and intense action mentioned in the summary,329
What are the reviews and ratings for Dungeon Siege?,Directly asks about the ratings of the game using its name for variety,329
Which 1998 FPS features a theoretical physicist who accidentally opens a portal to a dimension called Xen?,"Combines the character's profession, the release year, and the unique 'Xen' dimension hook to identify the game.",231
What game begins with a ride on a tram to the Anomalous Materials Lab in the Black Mesa Research Facility?,Uses the specific 'tram system' and 'Anomalous Materials Lab' setting hooks to target the specific title.,231
In which Valve debut game does a 'resonance cascade' cause an alien invasion at a scientific base?,"References the developer, the term 'resonance cascade', and the plot catalyst to ensure a specialist would recognize the game.",231
Which 90s fighting game features the Toshin Daibukai tournament?,Includes the specific 'Toshin Daibukai' tournament name as a unique identifier,1413
What is the early 3D fighter that has ten of the world's toughest combatants fighting for a championship?,Focuses on the fighter count and the 3D era context to distinguish the game from other early fighters,1413
How does Battle Arena Toshinden's plot center around a grueling slugfest tournament?,Directly references the game's name while asking about the story premise,1413
Which Might & Magic spin-off is a free-to-play strategic card game?,Directly identifies the game using its title and the unique 'free-to-play strategic card game' genre within the franchise,1890
What online card game set in the Might & Magic universe went offline on PC in late 2016?,"Uses the 'online card game', 'Might & Magic universe', and 'PC shutdown date' as specific hooks to identify the game",1890
"What strategic card game from the M&M universe has a PC version that shut down on October 31, 2016?","Combines the 'strategic card game', 'M&M universe', and the specific 'October 31, 2016' shutdown date to provide a high-degree of specificity",1890
Which 2002 FPS was created by the US government as a recruiting tool?,Uses the unique hook of being a US government recruiting tool from 2002 to identify the game,597
What game technology platform conceived by Colonel Casey Wardynski allows people to virtually experience soldiering?,Mentions the specific creator Colonel Casey Wardynski and the purpose of 'virtual soldiering' to pinpoint the game,597
Which Unreal Engine game was developed by the US Army to be used for both public outreach and soldier training simulations?,Combines the Unreal Engine technical detail with the US Army's dual use for public and training simulations,597
Which RPG follows a former French crusader turned vampire who tracks a nemesis named Vukodlak through several centuries?,Uses the 'former French crusader' and 'Vukodlak' hooks to identify the game without mentioning the title,12
In what game does the protagonist Christof Romuald search for a nun named Anezka across medieval Prague and modern New York?,Targets specific character names 'Christof Romuald' and 'Anezka' and the unique setting transition from medieval Prague to modern New York,12
What are the main plot points of Vampire: The Masquerade - Redemption?,Directly asks about the plot using the game's title to satisfy the variety requirement,12
Who is the playable protagonist in the WWII prequel where you lead a group of French rebels?,Mentioning the 'WWII prequel' and 'French rebels' provides specific hooks for specialists to identify the game.,1308
In which early WWII shooter do you play as a character who previously served as a mission briefer in the first game?,Connecting the playable character's role as a former briefer to the prequel nature of the game targets a unique plot detail.,1308
What is the Medal of Honor: Underground gameplay experience like regarding mission count and enemy variety?,This question uses the game's title directly to query about its specific content like mission count and weapon variety.,1308
"Which Game Boy game lets you transform into a Dragon, Bull, or Jet version of a character to steal pirate treasure on Kitchen Island?","Combines the unique location 'Kitchen Island' and the specific transformation forms 'Dragon, Bull, and Jet' to allow a specialist to identify the game.",1072
In what title do you play as a villainous character who gains new powers by smashing into magic pots?,"Focuses on the unique 'magic pots' transformation mechanic and the 'villain' protagonist role, which are distinct features of this title.",1072
What are the gameplay mechanics and setting of Wario Land: Super Mario Land 3?,A direct search query using the game's title to ensure coverage of basic search intent.,1072
